source_file,dataset_name,dataset_version,difficulty_level,difficulty_name,feature_variant,size_scene_variant,base_sample_id,comparison,condition,baseline_condition,condition_accuracy,baseline_accuracy,difference,direction
/private/tmp/vlm_results_20260612_163602/results/Qwen_Qwen3-VL-8B-Instruct/ladder_v2_level_1_simple/20260612_150911/raw_results.jsonl,ladder_v2_level_1_simple,ladder_v2,1,level_1_simple,,,1,audio_boundary_minus_low_boundary,audio_boundary,low_boundary,1.0,1.0,0.0,same
/private/tmp/vlm_results_20260612_163602/results/Qwen_Qwen3-VL-8B-Instruct/ladder_v2_level_1_simple/20260612_150911/raw_results.jsonl,ladder_v2_level_1_simple,ladder_v2,1,level_1_simple,,,1,temporal_boundary_minus_low_boundary,temporal_boundary,low_boundary,1.0,1.0,0.0,same
/private/tmp/vlm_results_20260612_163602/results/Qwen_Qwen3-VL-8B-Instruct/ladder_v2_level_1_simple/20260612_150911/raw_results.jsonl,ladder_v2_level_1_simple,ladder_v2,1,level_1_simple,,,1,visual_boundary_minus_low_boundary,visual_boundary,low_boundary,1.0,1.0,0.0,same
/private/tmp/vlm_results_20260612_163602/results/Qwen_Qwen3-VL-8B-Instruct/ladder_v2_level_1_simple/20260612_150911/raw_results.jsonl,ladder_v2_level_1_simple,ladder_v2,1,level_1_simple,,,2,audio_boundary_minus_low_boundary,audio_boundary,low_boundary,1.0,1.0,0.0,same
/private/tmp/vlm_results_20260612_163602/results/Qwen_Qwen3-VL-8B-Instruct/ladder_v2_level_1_simple/20260612_150911/raw_results.jsonl,ladder_v2_level_1_simple,ladder_v2,1,level_1_simple,,,2,temporal_boundary_minus_low_boundary,temporal_boundary,low_boundary,1.0,1.0,0.0,same
/private/tmp/vlm_results_20260612_163602/results/Qwen_Qwen3-VL-8B-Instruct/ladder_v2_level_1_simple/20260612_150911/raw_results.jsonl,ladder_v2_level_1_simple,ladder_v2,1,level_1_simple,,,2,visual_boundary_minus_low_boundary,visual_boundary,low_boundary,0.5,1.0,-0.5,worse
/private/tmp/vlm_results_20260612_163602/results/Qwen_Qwen3-VL-8B-Instruct/ladder_v2_level_1_simple/20260612_150911/raw_results.jsonl,ladder_v2_level_1_simple,ladder_v2,1,level_1_simple,,,3,audio_boundary_minus_low_boundary,audio_boundary,low_boundary,1.0,1.0,0.0,same
/private/tmp/vlm_results_20260612_163602/results/Qwen_Qwen3-VL-8B-Instruct/ladder_v2_level_1_simple/20260612_150911/raw_results.jsonl,ladder_v2_level_1_simple,ladder_v2,1,level_1_simple,,,3,temporal_boundary_minus_low_boundary,temporal_boundary,low_boundary,1.0,1.0,0.0,same
/private/tmp/vlm_results_20260612_163602/results/Qwen_Qwen3-VL-8B-Instruct/ladder_v2_level_1_simple/20260612_150911/raw_results.jsonl,ladder_v2_level_1_simple,ladder_v2,1,level_1_simple,,,3,visual_boundary_minus_low_boundary,visual_boundary,low_boundary,1.0,1.0,0.0,same
/private/tmp/vlm_results_20260612_163602/results/Qwen_Qwen3-VL-8B-Instruct/ladder_v2_level_1_simple/20260612_150911/raw_results.jsonl,ladder_v2_level_1_simple,ladder_v2,1,level_1_simple,,,4,audio_boundary_minus_low_boundary,audio_boundary,low_boundary,1.0,1.0,0.0,same
/private/tmp/vlm_results_20260612_163602/results/Qwen_Qwen3-VL-8B-Instruct/ladder_v2_level_1_simple/20260612_150911/raw_results.jsonl,ladder_v2_level_1_simple,ladder_v2,1,level_1_simple,,,4,temporal_boundary_minus_low_boundary,temporal_boundary,low_boundary,1.0,1.0,0.0,same
/private/tmp/vlm_results_20260612_163602/results/Qwen_Qwen3-VL-8B-Instruct/ladder_v2_level_1_simple/20260612_150911/raw_results.jsonl,ladder_v2_level_1_simple,ladder_v2,1,level_1_simple,,,4,visual_boundary_minus_low_boundary,visual_boundary,low_boundary,1.0,1.0,0.0,same
/private/tmp/vlm_results_20260612_163602/results/Qwen_Qwen3-VL-8B-Instruct/ladder_v2_level_1_simple/20260612_150911/raw_results.jsonl,ladder_v2_level_1_simple,ladder_v2,1,level_1_simple,,,5,audio_boundary_minus_low_boundary,audio_boundary,low_boundary,1.0,1.0,0.0,same
/private/tmp/vlm_results_20260612_163602/results/Qwen_Qwen3-VL-8B-Instruct/ladder_v2_level_1_simple/20260612_150911/raw_results.jsonl,ladder_v2_level_1_simple,ladder_v2,1,level_1_simple,,,5,temporal_boundary_minus_low_boundary,temporal_boundary,low_boundary,1.0,1.0,0.0,same
/private/tmp/vlm_results_20260612_163602/results/Qwen_Qwen3-VL-8B-Instruct/ladder_v2_level_1_simple/20260612_150911/raw_results.jsonl,ladder_v2_level_1_simple,ladder_v2,1,level_1_simple,,,5,visual_boundary_minus_low_boundary,visual_boundary,low_boundary,1.0,1.0,0.0,same
/private/tmp/vlm_results_20260612_163602/results/Qwen_Qwen3-VL-8B-Instruct/ladder_v2_level_1_simple/20260612_150911/raw_results.jsonl,ladder_v2_level_1_simple,ladder_v2,1,level_1_simple,,,6,audio_boundary_minus_low_boundary,audio_boundary,low_boundary,1.0,1.0,0.0,same
/private/tmp/vlm_results_20260612_163602/results/Qwen_Qwen3-VL-8B-Instruct/ladder_v2_level_1_simple/20260612_150911/raw_results.jsonl,ladder_v2_level_1_simple,ladder_v2,1,level_1_simple,,,6,temporal_boundary_minus_low_boundary,temporal_boundary,low_boundary,1.0,1.0,0.0,same
/private/tmp/vlm_results_20260612_163602/results/Qwen_Qwen3-VL-8B-Instruct/ladder_v2_level_1_simple/20260612_150911/raw_results.jsonl,ladder_v2_level_1_simple,ladder_v2,1,level_1_simple,,,6,visual_boundary_minus_low_boundary,visual_boundary,low_boundary,0.5,1.0,-0.5,worse
/private/tmp/vlm_results_20260612_163602/results/Qwen_Qwen3-VL-8B-Instruct/ladder_v2_level_1_simple/20260612_150911/raw_results.jsonl,ladder_v2_level_1_simple,ladder_v2,1,level_1_simple,,,7,audio_boundary_minus_low_boundary,audio_boundary,low_boundary,1.0,1.0,0.0,same
/private/tmp/vlm_results_20260612_163602/results/Qwen_Qwen3-VL-8B-Instruct/ladder_v2_level_1_simple/20260612_150911/raw_results.jsonl,ladder_v2_level_1_simple,ladder_v2,1,level_1_simple,,,7,temporal_boundary_minus_low_boundary,temporal_boundary,low_boundary,1.0,1.0,0.0,same
/private/tmp/vlm_results_20260612_163602/results/Qwen_Qwen3-VL-8B-Instruct/ladder_v2_level_1_simple/20260612_150911/raw_results.jsonl,ladder_v2_level_1_simple,ladder_v2,1,level_1_simple,,,7,visual_boundary_minus_low_boundary,visual_boundary,low_boundary,1.0,1.0,0.0,same
/private/tmp/vlm_results_20260612_163602/results/Qwen_Qwen3-VL-8B-Instruct/ladder_v2_level_1_simple/20260612_150911/raw_results.jsonl,ladder_v2_level_1_simple,ladder_v2,1,level_1_simple,,,8,audio_boundary_minus_low_boundary,audio_boundary,low_boundary,1.0,1.0,0.0,same
/private/tmp/vlm_results_20260612_163602/results/Qwen_Qwen3-VL-8B-Instruct/ladder_v2_level_1_simple/20260612_150911/raw_results.jsonl,ladder_v2_level_1_simple,ladder_v2,1,level_1_simple,,,8,temporal_boundary_minus_low_boundary,temporal_boundary,low_boundary,1.0,1.0,0.0,same
/private/tmp/vlm_results_20260612_163602/results/Qwen_Qwen3-VL-8B-Instruct/ladder_v2_level_1_simple/20260612_150911/raw_results.jsonl,ladder_v2_level_1_simple,ladder_v2,1,level_1_simple,,,8,visual_boundary_minus_low_boundary,visual_boundary,low_boundary,1.0,1.0,0.0,same
/private/tmp/vlm_results_20260612_163602/results/Qwen_Qwen3-VL-8B-Instruct/ladder_v2_level_1_simple/20260612_150911/raw_results.jsonl,ladder_v2_level_1_simple,ladder_v2,1,level_1_simple,,,9,audio_boundary_minus_low_boundary,audio_boundary,low_boundary,1.0,1.0,0.0,same
/private/tmp/vlm_results_20260612_163602/results/Qwen_Qwen3-VL-8B-Instruct/ladder_v2_level_1_simple/20260612_150911/raw_results.jsonl,ladder_v2_level_1_simple,ladder_v2,1,level_1_simple,,,9,temporal_boundary_minus_low_boundary,temporal_boundary,low_boundary,1.0,1.0,0.0,same
/private/tmp/vlm_results_20260612_163602/results/Qwen_Qwen3-VL-8B-Instruct/ladder_v2_level_1_simple/20260612_150911/raw_results.jsonl,ladder_v2_level_1_simple,ladder_v2,1,level_1_simple,,,9,visual_boundary_minus_low_boundary,visual_boundary,low_boundary,1.0,1.0,0.0,same
/private/tmp/vlm_results_20260612_163602/results/Qwen_Qwen3-VL-8B-Instruct/ladder_v2_level_1_simple/20260612_150911/raw_results.jsonl,ladder_v2_level_1_simple,ladder_v2,1,level_1_simple,,,10,audio_boundary_minus_low_boundary,audio_boundary,low_boundary,1.0,1.0,0.0,same
/private/tmp/vlm_results_20260612_163602/results/Qwen_Qwen3-VL-8B-Instruct/ladder_v2_level_1_simple/20260612_150911/raw_results.jsonl,ladder_v2_level_1_simple,ladder_v2,1,level_1_simple,,,10,temporal_boundary_minus_low_boundary,temporal_boundary,low_boundary,1.0,1.0,0.0,same
/private/tmp/vlm_results_20260612_163602/results/Qwen_Qwen3-VL-8B-Instruct/ladder_v2_level_1_simple/20260612_150911/raw_results.jsonl,ladder_v2_level_1_simple,ladder_v2,1,level_1_simple,,,10,visual_boundary_minus_low_boundary,visual_boundary,low_boundary,1.0,1.0,0.0,same
/private/tmp/vlm_results_20260612_163602/results/Qwen_Qwen3-VL-8B-Instruct/ladder_v2_level_1_simple/20260612_150911/raw_results.jsonl,ladder_v2_level_1_simple,ladder_v2,1,level_1_simple,,,11,audio_boundary_minus_low_boundary,audio_boundary,low_boundary,1.0,1.0,0.0,same
/private/tmp/vlm_results_20260612_163602/results/Qwen_Qwen3-VL-8B-Instruct/ladder_v2_level_1_simple/20260612_150911/raw_results.jsonl,ladder_v2_level_1_simple,ladder_v2,1,level_1_simple,,,11,temporal_boundary_minus_low_boundary,temporal_boundary,low_boundary,1.0,1.0,0.0,same
/private/tmp/vlm_results_20260612_163602/results/Qwen_Qwen3-VL-8B-Instruct/ladder_v2_level_1_simple/20260612_150911/raw_results.jsonl,ladder_v2_level_1_simple,ladder_v2,1,level_1_simple,,,11,visual_boundary_minus_low_boundary,visual_boundary,low_boundary,1.0,1.0,0.0,same
/private/tmp/vlm_results_20260612_163602/results/Qwen_Qwen3-VL-8B-Instruct/ladder_v2_level_1_simple/20260612_150911/raw_results.jsonl,ladder_v2_level_1_simple,ladder_v2,1,level_1_simple,,,12,audio_boundary_minus_low_boundary,audio_boundary,low_boundary,1.0,1.0,0.0,same
/private/tmp/vlm_results_20260612_163602/results/Qwen_Qwen3-VL-8B-Instruct/ladder_v2_level_1_simple/20260612_150911/raw_results.jsonl,ladder_v2_level_1_simple,ladder_v2,1,level_1_simple,,,12,temporal_boundary_minus_low_boundary,temporal_boundary,low_boundary,1.0,1.0,0.0,same
/private/tmp/vlm_results_20260612_163602/results/Qwen_Qwen3-VL-8B-Instruct/ladder_v2_level_1_simple/20260612_150911/raw_results.jsonl,ladder_v2_level_1_simple,ladder_v2,1,level_1_simple,,,12,visual_boundary_minus_low_boundary,visual_boundary,low_boundary,1.0,1.0,0.0,same
/private/tmp/vlm_results_20260612_163602/results/Qwen_Qwen3-VL-8B-Instruct/ladder_v2_level_1_simple/20260612_150911/raw_results.jsonl,ladder_v2_level_1_simple,ladder_v2,1,level_1_simple,,,13,audio_boundary_minus_low_boundary,audio_boundary,low_boundary,1.0,1.0,0.0,same
/private/tmp/vlm_results_20260612_163602/results/Qwen_Qwen3-VL-8B-Instruct/ladder_v2_level_1_simple/20260612_150911/raw_results.jsonl,ladder_v2_level_1_simple,ladder_v2,1,level_1_simple,,,13,temporal_boundary_minus_low_boundary,temporal_boundary,low_boundary,1.0,1.0,0.0,same
/private/tmp/vlm_results_20260612_163602/results/Qwen_Qwen3-VL-8B-Instruct/ladder_v2_level_1_simple/20260612_150911/raw_results.jsonl,ladder_v2_level_1_simple,ladder_v2,1,level_1_simple,,,13,visual_boundary_minus_low_boundary,visual_boundary,low_boundary,1.0,1.0,0.0,same
/private/tmp/vlm_results_20260612_163602/results/Qwen_Qwen3-VL-8B-Instruct/ladder_v2_level_1_simple/20260612_150911/raw_results.jsonl,ladder_v2_level_1_simple,ladder_v2,1,level_1_simple,,,14,audio_boundary_minus_low_boundary,audio_boundary,low_boundary,1.0,1.0,0.0,same
/private/tmp/vlm_results_20260612_163602/results/Qwen_Qwen3-VL-8B-Instruct/ladder_v2_level_1_simple/20260612_150911/raw_results.jsonl,ladder_v2_level_1_simple,ladder_v2,1,level_1_simple,,,14,temporal_boundary_minus_low_boundary,temporal_boundary,low_boundary,1.0,1.0,0.0,same
/private/tmp/vlm_results_20260612_163602/results/Qwen_Qwen3-VL-8B-Instruct/ladder_v2_level_1_simple/20260612_150911/raw_results.jsonl,ladder_v2_level_1_simple,ladder_v2,1,level_1_simple,,,14,visual_boundary_minus_low_boundary,visual_boundary,low_boundary,1.0,1.0,0.0,same
/private/tmp/vlm_results_20260612_163602/results/Qwen_Qwen3-VL-8B-Instruct/ladder_v2_level_1_simple/20260612_150911/raw_results.jsonl,ladder_v2_level_1_simple,ladder_v2,1,level_1_simple,,,15,audio_boundary_minus_low_boundary,audio_boundary,low_boundary,1.0,1.0,0.0,same
/private/tmp/vlm_results_20260612_163602/results/Qwen_Qwen3-VL-8B-Instruct/ladder_v2_level_1_simple/20260612_150911/raw_results.jsonl,ladder_v2_level_1_simple,ladder_v2,1,level_1_simple,,,15,temporal_boundary_minus_low_boundary,temporal_boundary,low_boundary,1.0,1.0,0.0,same
/private/tmp/vlm_results_20260612_163602/results/Qwen_Qwen3-VL-8B-Instruct/ladder_v2_level_1_simple/20260612_150911/raw_results.jsonl,ladder_v2_level_1_simple,ladder_v2,1,level_1_simple,,,15,visual_boundary_minus_low_boundary,visual_boundary,low_boundary,1.0,1.0,0.0,same
/private/tmp/vlm_results_20260612_163602/results/Qwen_Qwen3-VL-8B-Instruct/ladder_v2_level_1_simple/20260612_150911/raw_results.jsonl,ladder_v2_level_1_simple,ladder_v2,1,level_1_simple,,,16,audio_boundary_minus_low_boundary,audio_boundary,low_boundary,1.0,1.0,0.0,same
/private/tmp/vlm_results_20260612_163602/results/Qwen_Qwen3-VL-8B-Instruct/ladder_v2_level_1_simple/20260612_150911/raw_results.jsonl,ladder_v2_level_1_simple,ladder_v2,1,level_1_simple,,,16,temporal_boundary_minus_low_boundary,temporal_boundary,low_boundary,1.0,1.0,0.0,same
/private/tmp/vlm_results_20260612_163602/results/Qwen_Qwen3-VL-8B-Instruct/ladder_v2_level_1_simple/20260612_150911/raw_results.jsonl,ladder_v2_level_1_simple,ladder_v2,1,level_1_simple,,,16,visual_boundary_minus_low_boundary,visual_boundary,low_boundary,1.0,1.0,0.0,same
/private/tmp/vlm_results_20260612_163602/results/Qwen_Qwen3-VL-8B-Instruct/ladder_v2_level_1_simple/20260612_150911/raw_results.jsonl,ladder_v2_level_1_simple,ladder_v2,1,level_1_simple,,,17,audio_boundary_minus_low_boundary,audio_boundary,low_boundary,1.0,1.0,0.0,same
/private/tmp/vlm_results_20260612_163602/results/Qwen_Qwen3-VL-8B-Instruct/ladder_v2_level_1_simple/20260612_150911/raw_results.jsonl,ladder_v2_level_1_simple,ladder_v2,1,level_1_simple,,,17,temporal_boundary_minus_low_boundary,temporal_boundary,low_boundary,1.0,1.0,0.0,same
/private/tmp/vlm_results_20260612_163602/results/Qwen_Qwen3-VL-8B-Instruct/ladder_v2_level_1_simple/20260612_150911/raw_results.jsonl,ladder_v2_level_1_simple,ladder_v2,1,level_1_simple,,,17,visual_boundary_minus_low_boundary,visual_boundary,low_boundary,1.0,1.0,0.0,same
/private/tmp/vlm_results_20260612_163602/results/Qwen_Qwen3-VL-8B-Instruct/ladder_v2_level_1_simple/20260612_150911/raw_results.jsonl,ladder_v2_level_1_simple,ladder_v2,1,level_1_simple,,,18,audio_boundary_minus_low_boundary,audio_boundary,low_boundary,1.0,1.0,0.0,same
/private/tmp/vlm_results_20260612_163602/results/Qwen_Qwen3-VL-8B-Instruct/ladder_v2_level_1_simple/20260612_150911/raw_results.jsonl,ladder_v2_level_1_simple,ladder_v2,1,level_1_simple,,,18,temporal_boundary_minus_low_boundary,temporal_boundary,low_boundary,1.0,1.0,0.0,same
/private/tmp/vlm_results_20260612_163602/results/Qwen_Qwen3-VL-8B-Instruct/ladder_v2_level_1_simple/20260612_150911/raw_results.jsonl,ladder_v2_level_1_simple,ladder_v2,1,level_1_simple,,,18,visual_boundary_minus_low_boundary,visual_boundary,low_boundary,1.0,1.0,0.0,same
/private/tmp/vlm_results_20260612_163602/results/Qwen_Qwen3-VL-8B-Instruct/ladder_v2_level_1_simple/20260612_150911/raw_results.jsonl,ladder_v2_level_1_simple,ladder_v2,1,level_1_simple,,,19,audio_boundary_minus_low_boundary,audio_boundary,low_boundary,1.0,1.0,0.0,same
/private/tmp/vlm_results_20260612_163602/results/Qwen_Qwen3-VL-8B-Instruct/ladder_v2_level_1_simple/20260612_150911/raw_results.jsonl,ladder_v2_level_1_simple,ladder_v2,1,level_1_simple,,,19,temporal_boundary_minus_low_boundary,temporal_boundary,low_boundary,1.0,1.0,0.0,same
/private/tmp/vlm_results_20260612_163602/results/Qwen_Qwen3-VL-8B-Instruct/ladder_v2_level_1_simple/20260612_150911/raw_results.jsonl,ladder_v2_level_1_simple,ladder_v2,1,level_1_simple,,,19,visual_boundary_minus_low_boundary,visual_boundary,low_boundary,1.0,1.0,0.0,same
/private/tmp/vlm_results_20260612_163602/results/Qwen_Qwen3-VL-8B-Instruct/ladder_v2_level_1_simple/20260612_150911/raw_results.jsonl,ladder_v2_level_1_simple,ladder_v2,1,level_1_simple,,,20,audio_boundary_minus_low_boundary,audio_boundary,low_boundary,1.0,1.0,0.0,same
/private/tmp/vlm_results_20260612_163602/results/Qwen_Qwen3-VL-8B-Instruct/ladder_v2_level_1_simple/20260612_150911/raw_results.jsonl,ladder_v2_level_1_simple,ladder_v2,1,level_1_simple,,,20,temporal_boundary_minus_low_boundary,temporal_boundary,low_boundary,1.0,1.0,0.0,same
/private/tmp/vlm_results_20260612_163602/results/Qwen_Qwen3-VL-8B-Instruct/ladder_v2_level_1_simple/20260612_150911/raw_results.jsonl,ladder_v2_level_1_simple,ladder_v2,1,level_1_simple,,,20,visual_boundary_minus_low_boundary,visual_boundary,low_boundary,0.5,1.0,-0.5,worse
/private/tmp/vlm_results_20260612_163602/results/Qwen_Qwen3-VL-8B-Instruct/ladder_v2_level_1_simple/20260612_150911/raw_results.jsonl,ladder_v2_level_1_simple,ladder_v2,1,level_1_simple,,,21,audio_boundary_minus_low_boundary,audio_boundary,low_boundary,1.0,1.0,0.0,same
/private/tmp/vlm_results_20260612_163602/results/Qwen_Qwen3-VL-8B-Instruct/ladder_v2_level_1_simple/20260612_150911/raw_results.jsonl,ladder_v2_level_1_simple,ladder_v2,1,level_1_simple,,,21,temporal_boundary_minus_low_boundary,temporal_boundary,low_boundary,1.0,1.0,0.0,same
/private/tmp/vlm_results_20260612_163602/results/Qwen_Qwen3-VL-8B-Instruct/ladder_v2_level_1_simple/20260612_150911/raw_results.jsonl,ladder_v2_level_1_simple,ladder_v2,1,level_1_simple,,,21,visual_boundary_minus_low_boundary,visual_boundary,low_boundary,1.0,1.0,0.0,same
/private/tmp/vlm_results_20260612_163602/results/Qwen_Qwen3-VL-8B-Instruct/ladder_v2_level_1_simple/20260612_150911/raw_results.jsonl,ladder_v2_level_1_simple,ladder_v2,1,level_1_simple,,,22,audio_boundary_minus_low_boundary,audio_boundary,low_boundary,1.0,1.0,0.0,same
/private/tmp/vlm_results_20260612_163602/results/Qwen_Qwen3-VL-8B-Instruct/ladder_v2_level_1_simple/20260612_150911/raw_results.jsonl,ladder_v2_level_1_simple,ladder_v2,1,level_1_simple,,,22,temporal_boundary_minus_low_boundary,temporal_boundary,low_boundary,1.0,1.0,0.0,same
/private/tmp/vlm_results_20260612_163602/results/Qwen_Qwen3-VL-8B-Instruct/ladder_v2_level_1_simple/20260612_150911/raw_results.jsonl,ladder_v2_level_1_simple,ladder_v2,1,level_1_simple,,,22,visual_boundary_minus_low_boundary,visual_boundary,low_boundary,1.0,1.0,0.0,same
/private/tmp/vlm_results_20260612_163602/results/Qwen_Qwen3-VL-8B-Instruct/ladder_v2_level_1_simple/20260612_150911/raw_results.jsonl,ladder_v2_level_1_simple,ladder_v2,1,level_1_simple,,,23,audio_boundary_minus_low_boundary,audio_boundary,low_boundary,1.0,1.0,0.0,same
/private/tmp/vlm_results_20260612_163602/results/Qwen_Qwen3-VL-8B-Instruct/ladder_v2_level_1_simple/20260612_150911/raw_results.jsonl,ladder_v2_level_1_simple,ladder_v2,1,level_1_simple,,,23,temporal_boundary_minus_low_boundary,temporal_boundary,low_boundary,1.0,1.0,0.0,same
/private/tmp/vlm_results_20260612_163602/results/Qwen_Qwen3-VL-8B-Instruct/ladder_v2_level_1_simple/20260612_150911/raw_results.jsonl,ladder_v2_level_1_simple,ladder_v2,1,level_1_simple,,,23,visual_boundary_minus_low_boundary,visual_boundary,low_boundary,1.0,1.0,0.0,same
/private/tmp/vlm_results_20260612_163602/results/Qwen_Qwen3-VL-8B-Instruct/ladder_v2_level_1_simple/20260612_150911/raw_results.jsonl,ladder_v2_level_1_simple,ladder_v2,1,level_1_simple,,,24,audio_boundary_minus_low_boundary,audio_boundary,low_boundary,1.0,1.0,0.0,same
/private/tmp/vlm_results_20260612_163602/results/Qwen_Qwen3-VL-8B-Instruct/ladder_v2_level_1_simple/20260612_150911/raw_results.jsonl,ladder_v2_level_1_simple,ladder_v2,1,level_1_simple,,,24,temporal_boundary_minus_low_boundary,temporal_boundary,low_boundary,1.0,1.0,0.0,same
/private/tmp/vlm_results_20260612_163602/results/Qwen_Qwen3-VL-8B-Instruct/ladder_v2_level_1_simple/20260612_150911/raw_results.jsonl,ladder_v2_level_1_simple,ladder_v2,1,level_1_simple,,,24,visual_boundary_minus_low_boundary,visual_boundary,low_boundary,1.0,1.0,0.0,same
/private/tmp/vlm_results_20260612_163602/results/Qwen_Qwen3-VL-8B-Instruct/ladder_v2_level_1_simple/20260612_150911/raw_results.jsonl,ladder_v2_level_1_simple,ladder_v2,1,level_1_simple,,,25,audio_boundary_minus_low_boundary,audio_boundary,low_boundary,1.0,1.0,0.0,same
/private/tmp/vlm_results_20260612_163602/results/Qwen_Qwen3-VL-8B-Instruct/ladder_v2_level_1_simple/20260612_150911/raw_results.jsonl,ladder_v2_level_1_simple,ladder_v2,1,level_1_simple,,,25,temporal_boundary_minus_low_boundary,temporal_boundary,low_boundary,1.0,1.0,0.0,same
/private/tmp/vlm_results_20260612_163602/results/Qwen_Qwen3-VL-8B-Instruct/ladder_v2_level_1_simple/20260612_150911/raw_results.jsonl,ladder_v2_level_1_simple,ladder_v2,1,level_1_simple,,,25,visual_boundary_minus_low_boundary,visual_boundary,low_boundary,1.0,1.0,0.0,same
/private/tmp/vlm_results_20260612_163602/results/Qwen_Qwen3-VL-8B-Instruct/ladder_v2_level_1_simple/20260612_150911/raw_results.jsonl,ladder_v2_level_1_simple,ladder_v2,1,level_1_simple,,,26,audio_boundary_minus_low_boundary,audio_boundary,low_boundary,1.0,1.0,0.0,same
/private/tmp/vlm_results_20260612_163602/results/Qwen_Qwen3-VL-8B-Instruct/ladder_v2_level_1_simple/20260612_150911/raw_results.jsonl,ladder_v2_level_1_simple,ladder_v2,1,level_1_simple,,,26,temporal_boundary_minus_low_boundary,temporal_boundary,low_boundary,1.0,1.0,0.0,same
/private/tmp/vlm_results_20260612_163602/results/Qwen_Qwen3-VL-8B-Instruct/ladder_v2_level_1_simple/20260612_150911/raw_results.jsonl,ladder_v2_level_1_simple,ladder_v2,1,level_1_simple,,,26,visual_boundary_minus_low_boundary,visual_boundary,low_boundary,1.0,1.0,0.0,same
/private/tmp/vlm_results_20260612_163602/results/Qwen_Qwen3-VL-8B-Instruct/ladder_v2_level_1_simple/20260612_150911/raw_results.jsonl,ladder_v2_level_1_simple,ladder_v2,1,level_1_simple,,,27,audio_boundary_minus_low_boundary,audio_boundary,low_boundary,1.0,1.0,0.0,same
/private/tmp/vlm_results_20260612_163602/results/Qwen_Qwen3-VL-8B-Instruct/ladder_v2_level_1_simple/20260612_150911/raw_results.jsonl,ladder_v2_level_1_simple,ladder_v2,1,level_1_simple,,,27,temporal_boundary_minus_low_boundary,temporal_boundary,low_boundary,1.0,1.0,0.0,same
/private/tmp/vlm_results_20260612_163602/results/Qwen_Qwen3-VL-8B-Instruct/ladder_v2_level_1_simple/20260612_150911/raw_results.jsonl,ladder_v2_level_1_simple,ladder_v2,1,level_1_simple,,,27,visual_boundary_minus_low_boundary,visual_boundary,low_boundary,1.0,1.0,0.0,same
/private/tmp/vlm_results_20260612_163602/results/Qwen_Qwen3-VL-8B-Instruct/ladder_v2_level_1_simple/20260612_150911/raw_results.jsonl,ladder_v2_level_1_simple,ladder_v2,1,level_1_simple,,,28,audio_boundary_minus_low_boundary,audio_boundary,low_boundary,1.0,1.0,0.0,same
/private/tmp/vlm_results_20260612_163602/results/Qwen_Qwen3-VL-8B-Instruct/ladder_v2_level_1_simple/20260612_150911/raw_results.jsonl,ladder_v2_level_1_simple,ladder_v2,1,level_1_simple,,,28,temporal_boundary_minus_low_boundary,temporal_boundary,low_boundary,1.0,1.0,0.0,same
/private/tmp/vlm_results_20260612_163602/results/Qwen_Qwen3-VL-8B-Instruct/ladder_v2_level_1_simple/20260612_150911/raw_results.jsonl,ladder_v2_level_1_simple,ladder_v2,1,level_1_simple,,,28,visual_boundary_minus_low_boundary,visual_boundary,low_boundary,1.0,1.0,0.0,same
/private/tmp/vlm_results_20260612_163602/results/Qwen_Qwen3-VL-8B-Instruct/ladder_v2_level_1_simple/20260612_150911/raw_results.jsonl,ladder_v2_level_1_simple,ladder_v2,1,level_1_simple,,,29,audio_boundary_minus_low_boundary,audio_boundary,low_boundary,1.0,1.0,0.0,same
/private/tmp/vlm_results_20260612_163602/results/Qwen_Qwen3-VL-8B-Instruct/ladder_v2_level_1_simple/20260612_150911/raw_results.jsonl,ladder_v2_level_1_simple,ladder_v2,1,level_1_simple,,,29,temporal_boundary_minus_low_boundary,temporal_boundary,low_boundary,1.0,1.0,0.0,same
/private/tmp/vlm_results_20260612_163602/results/Qwen_Qwen3-VL-8B-Instruct/ladder_v2_level_1_simple/20260612_150911/raw_results.jsonl,ladder_v2_level_1_simple,ladder_v2,1,level_1_simple,,,29,visual_boundary_minus_low_boundary,visual_boundary,low_boundary,1.0,1.0,0.0,same
/private/tmp/vlm_results_20260612_163602/results/Qwen_Qwen3-VL-8B-Instruct/ladder_v2_level_1_simple/20260612_150911/raw_results.jsonl,ladder_v2_level_1_simple,ladder_v2,1,level_1_simple,,,30,audio_boundary_minus_low_boundary,audio_boundary,low_boundary,1.0,1.0,0.0,same
/private/tmp/vlm_results_20260612_163602/results/Qwen_Qwen3-VL-8B-Instruct/ladder_v2_level_1_simple/20260612_150911/raw_results.jsonl,ladder_v2_level_1_simple,ladder_v2,1,level_1_simple,,,30,temporal_boundary_minus_low_boundary,temporal_boundary,low_boundary,1.0,1.0,0.0,same
/private/tmp/vlm_results_20260612_163602/results/Qwen_Qwen3-VL-8B-Instruct/ladder_v2_level_1_simple/20260612_150911/raw_results.jsonl,ladder_v2_level_1_simple,ladder_v2,1,level_1_simple,,,30,visual_boundary_minus_low_boundary,visual_boundary,low_boundary,1.0,1.0,0.0,same
/private/tmp/vlm_results_20260612_163602/results/Qwen_Qwen3-VL-8B-Instruct/ladder_v2_level_2_randomized/20260612_150911/raw_results.jsonl,ladder_v2_level_2_randomized,ladder_v2,2,level_2_randomized,,,1,audio_boundary_minus_low_boundary,audio_boundary,low_boundary,1.0,1.0,0.0,same
/private/tmp/vlm_results_20260612_163602/results/Qwen_Qwen3-VL-8B-Instruct/ladder_v2_level_2_randomized/20260612_150911/raw_results.jsonl,ladder_v2_level_2_randomized,ladder_v2,2,level_2_randomized,,,1,temporal_boundary_minus_low_boundary,temporal_boundary,low_boundary,1.0,1.0,0.0,same
/private/tmp/vlm_results_20260612_163602/results/Qwen_Qwen3-VL-8B-Instruct/ladder_v2_level_2_randomized/20260612_150911/raw_results.jsonl,ladder_v2_level_2_randomized,ladder_v2,2,level_2_randomized,,,1,visual_boundary_minus_low_boundary,visual_boundary,low_boundary,1.0,1.0,0.0,same
/private/tmp/vlm_results_20260612_163602/results/Qwen_Qwen3-VL-8B-Instruct/ladder_v2_level_2_randomized/20260612_150911/raw_results.jsonl,ladder_v2_level_2_randomized,ladder_v2,2,level_2_randomized,,,2,audio_boundary_minus_low_boundary,audio_boundary,low_boundary,1.0,1.0,0.0,same
/private/tmp/vlm_results_20260612_163602/results/Qwen_Qwen3-VL-8B-Instruct/ladder_v2_level_2_randomized/20260612_150911/raw_results.jsonl,ladder_v2_level_2_randomized,ladder_v2,2,level_2_randomized,,,2,temporal_boundary_minus_low_boundary,temporal_boundary,low_boundary,1.0,1.0,0.0,same
/private/tmp/vlm_results_20260612_163602/results/Qwen_Qwen3-VL-8B-Instruct/ladder_v2_level_2_randomized/20260612_150911/raw_results.jsonl,ladder_v2_level_2_randomized,ladder_v2,2,level_2_randomized,,,2,visual_boundary_minus_low_boundary,visual_boundary,low_boundary,1.0,1.0,0.0,same
/private/tmp/vlm_results_20260612_163602/results/Qwen_Qwen3-VL-8B-Instruct/ladder_v2_level_2_randomized/20260612_150911/raw_results.jsonl,ladder_v2_level_2_randomized,ladder_v2,2,level_2_randomized,,,3,audio_boundary_minus_low_boundary,audio_boundary,low_boundary,1.0,1.0,0.0,same
/private/tmp/vlm_results_20260612_163602/results/Qwen_Qwen3-VL-8B-Instruct/ladder_v2_level_2_randomized/20260612_150911/raw_results.jsonl,ladder_v2_level_2_randomized,ladder_v2,2,level_2_randomized,,,3,temporal_boundary_minus_low_boundary,temporal_boundary,low_boundary,1.0,1.0,0.0,same
/private/tmp/vlm_results_20260612_163602/results/Qwen_Qwen3-VL-8B-Instruct/ladder_v2_level_2_randomized/20260612_150911/raw_results.jsonl,ladder_v2_level_2_randomized,ladder_v2,2,level_2_randomized,,,3,visual_boundary_minus_low_boundary,visual_boundary,low_boundary,1.0,1.0,0.0,same
/private/tmp/vlm_results_20260612_163602/results/Qwen_Qwen3-VL-8B-Instruct/ladder_v2_level_2_randomized/20260612_150911/raw_results.jsonl,ladder_v2_level_2_randomized,ladder_v2,2,level_2_randomized,,,4,audio_boundary_minus_low_boundary,audio_boundary,low_boundary,1.0,1.0,0.0,same
/private/tmp/vlm_results_20260612_163602/results/Qwen_Qwen3-VL-8B-Instruct/ladder_v2_level_2_randomized/20260612_150911/raw_results.jsonl,ladder_v2_level_2_randomized,ladder_v2,2,level_2_randomized,,,4,temporal_boundary_minus_low_boundary,temporal_boundary,low_boundary,1.0,1.0,0.0,same
/private/tmp/vlm_results_20260612_163602/results/Qwen_Qwen3-VL-8B-Instruct/ladder_v2_level_2_randomized/20260612_150911/raw_results.jsonl,ladder_v2_level_2_randomized,ladder_v2,2,level_2_randomized,,,4,visual_boundary_minus_low_boundary,visual_boundary,low_boundary,1.0,1.0,0.0,same
/private/tmp/vlm_results_20260612_163602/results/Qwen_Qwen3-VL-8B-Instruct/ladder_v2_level_2_randomized/20260612_150911/raw_results.jsonl,ladder_v2_level_2_randomized,ladder_v2,2,level_2_randomized,,,5,audio_boundary_minus_low_boundary,audio_boundary,low_boundary,0.5,0.5,0.0,same
/private/tmp/vlm_results_20260612_163602/results/Qwen_Qwen3-VL-8B-Instruct/ladder_v2_level_2_randomized/20260612_150911/raw_results.jsonl,ladder_v2_level_2_randomized,ladder_v2,2,level_2_randomized,,,5,temporal_boundary_minus_low_boundary,temporal_boundary,low_boundary,0.5,0.5,0.0,same
/private/tmp/vlm_results_20260612_163602/results/Qwen_Qwen3-VL-8B-Instruct/ladder_v2_level_2_randomized/20260612_150911/raw_results.jsonl,ladder_v2_level_2_randomized,ladder_v2,2,level_2_randomized,,,5,visual_boundary_minus_low_boundary,visual_boundary,low_boundary,0.5,0.5,0.0,same
/private/tmp/vlm_results_20260612_163602/results/Qwen_Qwen3-VL-8B-Instruct/ladder_v2_level_2_randomized/20260612_150911/raw_results.jsonl,ladder_v2_level_2_randomized,ladder_v2,2,level_2_randomized,,,6,audio_boundary_minus_low_boundary,audio_boundary,low_boundary,1.0,1.0,0.0,same
/private/tmp/vlm_results_20260612_163602/results/Qwen_Qwen3-VL-8B-Instruct/ladder_v2_level_2_randomized/20260612_150911/raw_results.jsonl,ladder_v2_level_2_randomized,ladder_v2,2,level_2_randomized,,,6,temporal_boundary_minus_low_boundary,temporal_boundary,low_boundary,1.0,1.0,0.0,same
/private/tmp/vlm_results_20260612_163602/results/Qwen_Qwen3-VL-8B-Instruct/ladder_v2_level_2_randomized/20260612_150911/raw_results.jsonl,ladder_v2_level_2_randomized,ladder_v2,2,level_2_randomized,,,6,visual_boundary_minus_low_boundary,visual_boundary,low_boundary,1.0,1.0,0.0,same
/private/tmp/vlm_results_20260612_163602/results/Qwen_Qwen3-VL-8B-Instruct/ladder_v2_level_2_randomized/20260612_150911/raw_results.jsonl,ladder_v2_level_2_randomized,ladder_v2,2,level_2_randomized,,,7,audio_boundary_minus_low_boundary,audio_boundary,low_boundary,1.0,1.0,0.0,same
/private/tmp/vlm_results_20260612_163602/results/Qwen_Qwen3-VL-8B-Instruct/ladder_v2_level_2_randomized/20260612_150911/raw_results.jsonl,ladder_v2_level_2_randomized,ladder_v2,2,level_2_randomized,,,7,temporal_boundary_minus_low_boundary,temporal_boundary,low_boundary,1.0,1.0,0.0,same
/private/tmp/vlm_results_20260612_163602/results/Qwen_Qwen3-VL-8B-Instruct/ladder_v2_level_2_randomized/20260612_150911/raw_results.jsonl,ladder_v2_level_2_randomized,ladder_v2,2,level_2_randomized,,,7,visual_boundary_minus_low_boundary,visual_boundary,low_boundary,1.0,1.0,0.0,same
/private/tmp/vlm_results_20260612_163602/results/Qwen_Qwen3-VL-8B-Instruct/ladder_v2_level_2_randomized/20260612_150911/raw_results.jsonl,ladder_v2_level_2_randomized,ladder_v2,2,level_2_randomized,,,8,audio_boundary_minus_low_boundary,audio_boundary,low_boundary,1.0,1.0,0.0,same
/private/tmp/vlm_results_20260612_163602/results/Qwen_Qwen3-VL-8B-Instruct/ladder_v2_level_2_randomized/20260612_150911/raw_results.jsonl,ladder_v2_level_2_randomized,ladder_v2,2,level_2_randomized,,,8,temporal_boundary_minus_low_boundary,temporal_boundary,low_boundary,1.0,1.0,0.0,same
/private/tmp/vlm_results_20260612_163602/results/Qwen_Qwen3-VL-8B-Instruct/ladder_v2_level_2_randomized/20260612_150911/raw_results.jsonl,ladder_v2_level_2_randomized,ladder_v2,2,level_2_randomized,,,8,visual_boundary_minus_low_boundary,visual_boundary,low_boundary,1.0,1.0,0.0,same
/private/tmp/vlm_results_20260612_163602/results/Qwen_Qwen3-VL-8B-Instruct/ladder_v2_level_2_randomized/20260612_150911/raw_results.jsonl,ladder_v2_level_2_randomized,ladder_v2,2,level_2_randomized,,,9,audio_boundary_minus_low_boundary,audio_boundary,low_boundary,1.0,1.0,0.0,same
/private/tmp/vlm_results_20260612_163602/results/Qwen_Qwen3-VL-8B-Instruct/ladder_v2_level_2_randomized/20260612_150911/raw_results.jsonl,ladder_v2_level_2_randomized,ladder_v2,2,level_2_randomized,,,9,temporal_boundary_minus_low_boundary,temporal_boundary,low_boundary,1.0,1.0,0.0,same
/private/tmp/vlm_results_20260612_163602/results/Qwen_Qwen3-VL-8B-Instruct/ladder_v2_level_2_randomized/20260612_150911/raw_results.jsonl,ladder_v2_level_2_randomized,ladder_v2,2,level_2_randomized,,,9,visual_boundary_minus_low_boundary,visual_boundary,low_boundary,1.0,1.0,0.0,same
/private/tmp/vlm_results_20260612_163602/results/Qwen_Qwen3-VL-8B-Instruct/ladder_v2_level_2_randomized/20260612_150911/raw_results.jsonl,ladder_v2_level_2_randomized,ladder_v2,2,level_2_randomized,,,10,audio_boundary_minus_low_boundary,audio_boundary,low_boundary,1.0,1.0,0.0,same
/private/tmp/vlm_results_20260612_163602/results/Qwen_Qwen3-VL-8B-Instruct/ladder_v2_level_2_randomized/20260612_150911/raw_results.jsonl,ladder_v2_level_2_randomized,ladder_v2,2,level_2_randomized,,,10,temporal_boundary_minus_low_boundary,temporal_boundary,low_boundary,1.0,1.0,0.0,same
/private/tmp/vlm_results_20260612_163602/results/Qwen_Qwen3-VL-8B-Instruct/ladder_v2_level_2_randomized/20260612_150911/raw_results.jsonl,ladder_v2_level_2_randomized,ladder_v2,2,level_2_randomized,,,10,visual_boundary_minus_low_boundary,visual_boundary,low_boundary,1.0,1.0,0.0,same
/private/tmp/vlm_results_20260612_163602/results/Qwen_Qwen3-VL-8B-Instruct/ladder_v2_level_2_randomized/20260612_150911/raw_results.jsonl,ladder_v2_level_2_randomized,ladder_v2,2,level_2_randomized,,,11,audio_boundary_minus_low_boundary,audio_boundary,low_boundary,1.0,1.0,0.0,same
/private/tmp/vlm_results_20260612_163602/results/Qwen_Qwen3-VL-8B-Instruct/ladder_v2_level_2_randomized/20260612_150911/raw_results.jsonl,ladder_v2_level_2_randomized,ladder_v2,2,level_2_randomized,,,11,temporal_boundary_minus_low_boundary,temporal_boundary,low_boundary,1.0,1.0,0.0,same
/private/tmp/vlm_results_20260612_163602/results/Qwen_Qwen3-VL-8B-Instruct/ladder_v2_level_2_randomized/20260612_150911/raw_results.jsonl,ladder_v2_level_2_randomized,ladder_v2,2,level_2_randomized,,,11,visual_boundary_minus_low_boundary,visual_boundary,low_boundary,1.0,1.0,0.0,same
/private/tmp/vlm_results_20260612_163602/results/Qwen_Qwen3-VL-8B-Instruct/ladder_v2_level_2_randomized/20260612_150911/raw_results.jsonl,ladder_v2_level_2_randomized,ladder_v2,2,level_2_randomized,,,12,audio_boundary_minus_low_boundary,audio_boundary,low_boundary,1.0,1.0,0.0,same
/private/tmp/vlm_results_20260612_163602/results/Qwen_Qwen3-VL-8B-Instruct/ladder_v2_level_2_randomized/20260612_150911/raw_results.jsonl,ladder_v2_level_2_randomized,ladder_v2,2,level_2_randomized,,,12,temporal_boundary_minus_low_boundary,temporal_boundary,low_boundary,1.0,1.0,0.0,same
/private/tmp/vlm_results_20260612_163602/results/Qwen_Qwen3-VL-8B-Instruct/ladder_v2_level_2_randomized/20260612_150911/raw_results.jsonl,ladder_v2_level_2_randomized,ladder_v2,2,level_2_randomized,,,12,visual_boundary_minus_low_boundary,visual_boundary,low_boundary,0.5,1.0,-0.5,worse
/private/tmp/vlm_results_20260612_163602/results/Qwen_Qwen3-VL-8B-Instruct/ladder_v2_level_2_randomized/20260612_150911/raw_results.jsonl,ladder_v2_level_2_randomized,ladder_v2,2,level_2_randomized,,,13,audio_boundary_minus_low_boundary,audio_boundary,low_boundary,1.0,1.0,0.0,same
/private/tmp/vlm_results_20260612_163602/results/Qwen_Qwen3-VL-8B-Instruct/ladder_v2_level_2_randomized/20260612_150911/raw_results.jsonl,ladder_v2_level_2_randomized,ladder_v2,2,level_2_randomized,,,13,temporal_boundary_minus_low_boundary,temporal_boundary,low_boundary,1.0,1.0,0.0,same
/private/tmp/vlm_results_20260612_163602/results/Qwen_Qwen3-VL-8B-Instruct/ladder_v2_level_2_randomized/20260612_150911/raw_results.jsonl,ladder_v2_level_2_randomized,ladder_v2,2,level_2_randomized,,,13,visual_boundary_minus_low_boundary,visual_boundary,low_boundary,1.0,1.0,0.0,same
/private/tmp/vlm_results_20260612_163602/results/Qwen_Qwen3-VL-8B-Instruct/ladder_v2_level_2_randomized/20260612_150911/raw_results.jsonl,ladder_v2_level_2_randomized,ladder_v2,2,level_2_randomized,,,14,audio_boundary_minus_low_boundary,audio_boundary,low_boundary,1.0,1.0,0.0,same
/private/tmp/vlm_results_20260612_163602/results/Qwen_Qwen3-VL-8B-Instruct/ladder_v2_level_2_randomized/20260612_150911/raw_results.jsonl,ladder_v2_level_2_randomized,ladder_v2,2,level_2_randomized,,,14,temporal_boundary_minus_low_boundary,temporal_boundary,low_boundary,1.0,1.0,0.0,same
/private/tmp/vlm_results_20260612_163602/results/Qwen_Qwen3-VL-8B-Instruct/ladder_v2_level_2_randomized/20260612_150911/raw_results.jsonl,ladder_v2_level_2_randomized,ladder_v2,2,level_2_randomized,,,14,visual_boundary_minus_low_boundary,visual_boundary,low_boundary,0.5,1.0,-0.5,worse
/private/tmp/vlm_results_20260612_163602/results/Qwen_Qwen3-VL-8B-Instruct/ladder_v2_level_2_randomized/20260612_150911/raw_results.jsonl,ladder_v2_level_2_randomized,ladder_v2,2,level_2_randomized,,,15,audio_boundary_minus_low_boundary,audio_boundary,low_boundary,0.5,1.0,-0.5,worse
/private/tmp/vlm_results_20260612_163602/results/Qwen_Qwen3-VL-8B-Instruct/ladder_v2_level_2_randomized/20260612_150911/raw_results.jsonl,ladder_v2_level_2_randomized,ladder_v2,2,level_2_randomized,,,15,temporal_boundary_minus_low_boundary,temporal_boundary,low_boundary,0.5,1.0,-0.5,worse
/private/tmp/vlm_results_20260612_163602/results/Qwen_Qwen3-VL-8B-Instruct/ladder_v2_level_2_randomized/20260612_150911/raw_results.jsonl,ladder_v2_level_2_randomized,ladder_v2,2,level_2_randomized,,,15,visual_boundary_minus_low_boundary,visual_boundary,low_boundary,0.5,1.0,-0.5,worse
/private/tmp/vlm_results_20260612_163602/results/Qwen_Qwen3-VL-8B-Instruct/ladder_v2_level_2_randomized/20260612_150911/raw_results.jsonl,ladder_v2_level_2_randomized,ladder_v2,2,level_2_randomized,,,16,audio_boundary_minus_low_boundary,audio_boundary,low_boundary,1.0,1.0,0.0,same
/private/tmp/vlm_results_20260612_163602/results/Qwen_Qwen3-VL-8B-Instruct/ladder_v2_level_2_randomized/20260612_150911/raw_results.jsonl,ladder_v2_level_2_randomized,ladder_v2,2,level_2_randomized,,,16,temporal_boundary_minus_low_boundary,temporal_boundary,low_boundary,1.0,1.0,0.0,same
/private/tmp/vlm_results_20260612_163602/results/Qwen_Qwen3-VL-8B-Instruct/ladder_v2_level_2_randomized/20260612_150911/raw_results.jsonl,ladder_v2_level_2_randomized,ladder_v2,2,level_2_randomized,,,16,visual_boundary_minus_low_boundary,visual_boundary,low_boundary,0.5,1.0,-0.5,worse
/private/tmp/vlm_results_20260612_163602/results/Qwen_Qwen3-VL-8B-Instruct/ladder_v2_level_2_randomized/20260612_150911/raw_results.jsonl,ladder_v2_level_2_randomized,ladder_v2,2,level_2_randomized,,,17,audio_boundary_minus_low_boundary,audio_boundary,low_boundary,1.0,1.0,0.0,same
/private/tmp/vlm_results_20260612_163602/results/Qwen_Qwen3-VL-8B-Instruct/ladder_v2_level_2_randomized/20260612_150911/raw_results.jsonl,ladder_v2_level_2_randomized,ladder_v2,2,level_2_randomized,,,17,temporal_boundary_minus_low_boundary,temporal_boundary,low_boundary,1.0,1.0,0.0,same
/private/tmp/vlm_results_20260612_163602/results/Qwen_Qwen3-VL-8B-Instruct/ladder_v2_level_2_randomized/20260612_150911/raw_results.jsonl,ladder_v2_level_2_randomized,ladder_v2,2,level_2_randomized,,,17,visual_boundary_minus_low_boundary,visual_boundary,low_boundary,1.0,1.0,0.0,same
/private/tmp/vlm_results_20260612_163602/results/Qwen_Qwen3-VL-8B-Instruct/ladder_v2_level_2_randomized/20260612_150911/raw_results.jsonl,ladder_v2_level_2_randomized,ladder_v2,2,level_2_randomized,,,18,audio_boundary_minus_low_boundary,audio_boundary,low_boundary,1.0,1.0,0.0,same
/private/tmp/vlm_results_20260612_163602/results/Qwen_Qwen3-VL-8B-Instruct/ladder_v2_level_2_randomized/20260612_150911/raw_results.jsonl,ladder_v2_level_2_randomized,ladder_v2,2,level_2_randomized,,,18,temporal_boundary_minus_low_boundary,temporal_boundary,low_boundary,1.0,1.0,0.0,same
/private/tmp/vlm_results_20260612_163602/results/Qwen_Qwen3-VL-8B-Instruct/ladder_v2_level_2_randomized/20260612_150911/raw_results.jsonl,ladder_v2_level_2_randomized,ladder_v2,2,level_2_randomized,,,18,visual_boundary_minus_low_boundary,visual_boundary,low_boundary,1.0,1.0,0.0,same
/private/tmp/vlm_results_20260612_163602/results/Qwen_Qwen3-VL-8B-Instruct/ladder_v2_level_2_randomized/20260612_150911/raw_results.jsonl,ladder_v2_level_2_randomized,ladder_v2,2,level_2_randomized,,,19,audio_boundary_minus_low_boundary,audio_boundary,low_boundary,1.0,1.0,0.0,same
/private/tmp/vlm_results_20260612_163602/results/Qwen_Qwen3-VL-8B-Instruct/ladder_v2_level_2_randomized/20260612_150911/raw_results.jsonl,ladder_v2_level_2_randomized,ladder_v2,2,level_2_randomized,,,19,temporal_boundary_minus_low_boundary,temporal_boundary,low_boundary,1.0,1.0,0.0,same
/private/tmp/vlm_results_20260612_163602/results/Qwen_Qwen3-VL-8B-Instruct/ladder_v2_level_2_randomized/20260612_150911/raw_results.jsonl,ladder_v2_level_2_randomized,ladder_v2,2,level_2_randomized,,,19,visual_boundary_minus_low_boundary,visual_boundary,low_boundary,1.0,1.0,0.0,same
/private/tmp/vlm_results_20260612_163602/results/Qwen_Qwen3-VL-8B-Instruct/ladder_v2_level_2_randomized/20260612_150911/raw_results.jsonl,ladder_v2_level_2_randomized,ladder_v2,2,level_2_randomized,,,20,audio_boundary_minus_low_boundary,audio_boundary,low_boundary,1.0,1.0,0.0,same
/private/tmp/vlm_results_20260612_163602/results/Qwen_Qwen3-VL-8B-Instruct/ladder_v2_level_2_randomized/20260612_150911/raw_results.jsonl,ladder_v2_level_2_randomized,ladder_v2,2,level_2_randomized,,,20,temporal_boundary_minus_low_boundary,temporal_boundary,low_boundary,1.0,1.0,0.0,same
/private/tmp/vlm_results_20260612_163602/results/Qwen_Qwen3-VL-8B-Instruct/ladder_v2_level_2_randomized/20260612_150911/raw_results.jsonl,ladder_v2_level_2_randomized,ladder_v2,2,level_2_randomized,,,20,visual_boundary_minus_low_boundary,visual_boundary,low_boundary,1.0,1.0,0.0,same
/private/tmp/vlm_results_20260612_163602/results/Qwen_Qwen3-VL-8B-Instruct/ladder_v2_level_2_randomized/20260612_150911/raw_results.jsonl,ladder_v2_level_2_randomized,ladder_v2,2,level_2_randomized,,,21,audio_boundary_minus_low_boundary,audio_boundary,low_boundary,1.0,1.0,0.0,same
/private/tmp/vlm_results_20260612_163602/results/Qwen_Qwen3-VL-8B-Instruct/ladder_v2_level_2_randomized/20260612_150911/raw_results.jsonl,ladder_v2_level_2_randomized,ladder_v2,2,level_2_randomized,,,21,temporal_boundary_minus_low_boundary,temporal_boundary,low_boundary,1.0,1.0,0.0,same
/private/tmp/vlm_results_20260612_163602/results/Qwen_Qwen3-VL-8B-Instruct/ladder_v2_level_2_randomized/20260612_150911/raw_results.jsonl,ladder_v2_level_2_randomized,ladder_v2,2,level_2_randomized,,,21,visual_boundary_minus_low_boundary,visual_boundary,low_boundary,0.5,1.0,-0.5,worse
/private/tmp/vlm_results_20260612_163602/results/Qwen_Qwen3-VL-8B-Instruct/ladder_v2_level_2_randomized/20260612_150911/raw_results.jsonl,ladder_v2_level_2_randomized,ladder_v2,2,level_2_randomized,,,22,audio_boundary_minus_low_boundary,audio_boundary,low_boundary,1.0,1.0,0.0,same
/private/tmp/vlm_results_20260612_163602/results/Qwen_Qwen3-VL-8B-Instruct/ladder_v2_level_2_randomized/20260612_150911/raw_results.jsonl,ladder_v2_level_2_randomized,ladder_v2,2,level_2_randomized,,,22,temporal_boundary_minus_low_boundary,temporal_boundary,low_boundary,1.0,1.0,0.0,same
/private/tmp/vlm_results_20260612_163602/results/Qwen_Qwen3-VL-8B-Instruct/ladder_v2_level_2_randomized/20260612_150911/raw_results.jsonl,ladder_v2_level_2_randomized,ladder_v2,2,level_2_randomized,,,22,visual_boundary_minus_low_boundary,visual_boundary,low_boundary,1.0,1.0,0.0,same
/private/tmp/vlm_results_20260612_163602/results/Qwen_Qwen3-VL-8B-Instruct/ladder_v2_level_2_randomized/20260612_150911/raw_results.jsonl,ladder_v2_level_2_randomized,ladder_v2,2,level_2_randomized,,,23,audio_boundary_minus_low_boundary,audio_boundary,low_boundary,1.0,1.0,0.0,same
/private/tmp/vlm_results_20260612_163602/results/Qwen_Qwen3-VL-8B-Instruct/ladder_v2_level_2_randomized/20260612_150911/raw_results.jsonl,ladder_v2_level_2_randomized,ladder_v2,2,level_2_randomized,,,23,temporal_boundary_minus_low_boundary,temporal_boundary,low_boundary,1.0,1.0,0.0,same
/private/tmp/vlm_results_20260612_163602/results/Qwen_Qwen3-VL-8B-Instruct/ladder_v2_level_2_randomized/20260612_150911/raw_results.jsonl,ladder_v2_level_2_randomized,ladder_v2,2,level_2_randomized,,,23,visual_boundary_minus_low_boundary,visual_boundary,low_boundary,0.5,1.0,-0.5,worse
/private/tmp/vlm_results_20260612_163602/results/Qwen_Qwen3-VL-8B-Instruct/ladder_v2_level_2_randomized/20260612_150911/raw_results.jsonl,ladder_v2_level_2_randomized,ladder_v2,2,level_2_randomized,,,24,audio_boundary_minus_low_boundary,audio_boundary,low_boundary,1.0,0.5,0.5,improved
/private/tmp/vlm_results_20260612_163602/results/Qwen_Qwen3-VL-8B-Instruct/ladder_v2_level_2_randomized/20260612_150911/raw_results.jsonl,ladder_v2_level_2_randomized,ladder_v2,2,level_2_randomized,,,24,temporal_boundary_minus_low_boundary,temporal_boundary,low_boundary,1.0,0.5,0.5,improved
/private/tmp/vlm_results_20260612_163602/results/Qwen_Qwen3-VL-8B-Instruct/ladder_v2_level_2_randomized/20260612_150911/raw_results.jsonl,ladder_v2_level_2_randomized,ladder_v2,2,level_2_randomized,,,24,visual_boundary_minus_low_boundary,visual_boundary,low_boundary,0.0,0.5,-0.5,worse
/private/tmp/vlm_results_20260612_163602/results/Qwen_Qwen3-VL-8B-Instruct/ladder_v2_level_2_randomized/20260612_150911/raw_results.jsonl,ladder_v2_level_2_randomized,ladder_v2,2,level_2_randomized,,,25,audio_boundary_minus_low_boundary,audio_boundary,low_boundary,1.0,1.0,0.0,same
/private/tmp/vlm_results_20260612_163602/results/Qwen_Qwen3-VL-8B-Instruct/ladder_v2_level_2_randomized/20260612_150911/raw_results.jsonl,ladder_v2_level_2_randomized,ladder_v2,2,level_2_randomized,,,25,temporal_boundary_minus_low_boundary,temporal_boundary,low_boundary,1.0,1.0,0.0,same
/private/tmp/vlm_results_20260612_163602/results/Qwen_Qwen3-VL-8B-Instruct/ladder_v2_level_2_randomized/20260612_150911/raw_results.jsonl,ladder_v2_level_2_randomized,ladder_v2,2,level_2_randomized,,,25,visual_boundary_minus_low_boundary,visual_boundary,low_boundary,1.0,1.0,0.0,same
/private/tmp/vlm_results_20260612_163602/results/Qwen_Qwen3-VL-8B-Instruct/ladder_v2_level_2_randomized/20260612_150911/raw_results.jsonl,ladder_v2_level_2_randomized,ladder_v2,2,level_2_randomized,,,26,audio_boundary_minus_low_boundary,audio_boundary,low_boundary,1.0,1.0,0.0,same
/private/tmp/vlm_results_20260612_163602/results/Qwen_Qwen3-VL-8B-Instruct/ladder_v2_level_2_randomized/20260612_150911/raw_results.jsonl,ladder_v2_level_2_randomized,ladder_v2,2,level_2_randomized,,,26,temporal_boundary_minus_low_boundary,temporal_boundary,low_boundary,1.0,1.0,0.0,same
/private/tmp/vlm_results_20260612_163602/results/Qwen_Qwen3-VL-8B-Instruct/ladder_v2_level_2_randomized/20260612_150911/raw_results.jsonl,ladder_v2_level_2_randomized,ladder_v2,2,level_2_randomized,,,26,visual_boundary_minus_low_boundary,visual_boundary,low_boundary,1.0,1.0,0.0,same
/private/tmp/vlm_results_20260612_163602/results/Qwen_Qwen3-VL-8B-Instruct/ladder_v2_level_2_randomized/20260612_150911/raw_results.jsonl,ladder_v2_level_2_randomized,ladder_v2,2,level_2_randomized,,,27,audio_boundary_minus_low_boundary,audio_boundary,low_boundary,0.5,0.5,0.0,same
/private/tmp/vlm_results_20260612_163602/results/Qwen_Qwen3-VL-8B-Instruct/ladder_v2_level_2_randomized/20260612_150911/raw_results.jsonl,ladder_v2_level_2_randomized,ladder_v2,2,level_2_randomized,,,27,temporal_boundary_minus_low_boundary,temporal_boundary,low_boundary,0.5,0.5,0.0,same
/private/tmp/vlm_results_20260612_163602/results/Qwen_Qwen3-VL-8B-Instruct/ladder_v2_level_2_randomized/20260612_150911/raw_results.jsonl,ladder_v2_level_2_randomized,ladder_v2,2,level_2_randomized,,,27,visual_boundary_minus_low_boundary,visual_boundary,low_boundary,0.5,0.5,0.0,same
/private/tmp/vlm_results_20260612_163602/results/Qwen_Qwen3-VL-8B-Instruct/ladder_v2_level_2_randomized/20260612_150911/raw_results.jsonl,ladder_v2_level_2_randomized,ladder_v2,2,level_2_randomized,,,28,audio_boundary_minus_low_boundary,audio_boundary,low_boundary,1.0,0.5,0.5,improved
/private/tmp/vlm_results_20260612_163602/results/Qwen_Qwen3-VL-8B-Instruct/ladder_v2_level_2_randomized/20260612_150911/raw_results.jsonl,ladder_v2_level_2_randomized,ladder_v2,2,level_2_randomized,,,28,temporal_boundary_minus_low_boundary,temporal_boundary,low_boundary,1.0,0.5,0.5,improved
/private/tmp/vlm_results_20260612_163602/results/Qwen_Qwen3-VL-8B-Instruct/ladder_v2_level_2_randomized/20260612_150911/raw_results.jsonl,ladder_v2_level_2_randomized,ladder_v2,2,level_2_randomized,,,28,visual_boundary_minus_low_boundary,visual_boundary,low_boundary,0.5,0.5,0.0,same
/private/tmp/vlm_results_20260612_163602/results/Qwen_Qwen3-VL-8B-Instruct/ladder_v2_level_2_randomized/20260612_150911/raw_results.jsonl,ladder_v2_level_2_randomized,ladder_v2,2,level_2_randomized,,,29,audio_boundary_minus_low_boundary,audio_boundary,low_boundary,1.0,1.0,0.0,same
/private/tmp/vlm_results_20260612_163602/results/Qwen_Qwen3-VL-8B-Instruct/ladder_v2_level_2_randomized/20260612_150911/raw_results.jsonl,ladder_v2_level_2_randomized,ladder_v2,2,level_2_randomized,,,29,temporal_boundary_minus_low_boundary,temporal_boundary,low_boundary,1.0,1.0,0.0,same
/private/tmp/vlm_results_20260612_163602/results/Qwen_Qwen3-VL-8B-Instruct/ladder_v2_level_2_randomized/20260612_150911/raw_results.jsonl,ladder_v2_level_2_randomized,ladder_v2,2,level_2_randomized,,,29,visual_boundary_minus_low_boundary,visual_boundary,low_boundary,0.5,1.0,-0.5,worse
/private/tmp/vlm_results_20260612_163602/results/Qwen_Qwen3-VL-8B-Instruct/ladder_v2_level_2_randomized/20260612_150911/raw_results.jsonl,ladder_v2_level_2_randomized,ladder_v2,2,level_2_randomized,,,30,audio_boundary_minus_low_boundary,audio_boundary,low_boundary,1.0,1.0,0.0,same
/private/tmp/vlm_results_20260612_163602/results/Qwen_Qwen3-VL-8B-Instruct/ladder_v2_level_2_randomized/20260612_150911/raw_results.jsonl,ladder_v2_level_2_randomized,ladder_v2,2,level_2_randomized,,,30,temporal_boundary_minus_low_boundary,temporal_boundary,low_boundary,1.0,1.0,0.0,same
/private/tmp/vlm_results_20260612_163602/results/Qwen_Qwen3-VL-8B-Instruct/ladder_v2_level_2_randomized/20260612_150911/raw_results.jsonl,ladder_v2_level_2_randomized,ladder_v2,2,level_2_randomized,,,30,visual_boundary_minus_low_boundary,visual_boundary,low_boundary,0.5,1.0,-0.5,worse
/private/tmp/vlm_results_20260612_163602/results/Qwen_Qwen3-VL-8B-Instruct/ladder_v2_level_3_non_target_static_distractors/20260612_150911/raw_results.jsonl,ladder_v2_level_3_non_target_static_distractors,ladder_v2,3,level_3_non_target_static_distractors,,,1,audio_boundary_minus_low_boundary,audio_boundary,low_boundary,1.0,1.0,0.0,same
/private/tmp/vlm_results_20260612_163602/results/Qwen_Qwen3-VL-8B-Instruct/ladder_v2_level_3_non_target_static_distractors/20260612_150911/raw_results.jsonl,ladder_v2_level_3_non_target_static_distractors,ladder_v2,3,level_3_non_target_static_distractors,,,1,temporal_boundary_minus_low_boundary,temporal_boundary,low_boundary,1.0,1.0,0.0,same
/private/tmp/vlm_results_20260612_163602/results/Qwen_Qwen3-VL-8B-Instruct/ladder_v2_level_3_non_target_static_distractors/20260612_150911/raw_results.jsonl,ladder_v2_level_3_non_target_static_distractors,ladder_v2,3,level_3_non_target_static_distractors,,,1,visual_boundary_minus_low_boundary,visual_boundary,low_boundary,1.0,1.0,0.0,same
/private/tmp/vlm_results_20260612_163602/results/Qwen_Qwen3-VL-8B-Instruct/ladder_v2_level_3_non_target_static_distractors/20260612_150911/raw_results.jsonl,ladder_v2_level_3_non_target_static_distractors,ladder_v2,3,level_3_non_target_static_distractors,,,2,audio_boundary_minus_low_boundary,audio_boundary,low_boundary,1.0,1.0,0.0,same
/private/tmp/vlm_results_20260612_163602/results/Qwen_Qwen3-VL-8B-Instruct/ladder_v2_level_3_non_target_static_distractors/20260612_150911/raw_results.jsonl,ladder_v2_level_3_non_target_static_distractors,ladder_v2,3,level_3_non_target_static_distractors,,,2,temporal_boundary_minus_low_boundary,temporal_boundary,low_boundary,1.0,1.0,0.0,same
/private/tmp/vlm_results_20260612_163602/results/Qwen_Qwen3-VL-8B-Instruct/ladder_v2_level_3_non_target_static_distractors/20260612_150911/raw_results.jsonl,ladder_v2_level_3_non_target_static_distractors,ladder_v2,3,level_3_non_target_static_distractors,,,2,visual_boundary_minus_low_boundary,visual_boundary,low_boundary,0.5,1.0,-0.5,worse
/private/tmp/vlm_results_20260612_163602/results/Qwen_Qwen3-VL-8B-Instruct/ladder_v2_level_3_non_target_static_distractors/20260612_150911/raw_results.jsonl,ladder_v2_level_3_non_target_static_distractors,ladder_v2,3,level_3_non_target_static_distractors,,,3,audio_boundary_minus_low_boundary,audio_boundary,low_boundary,1.0,1.0,0.0,same
/private/tmp/vlm_results_20260612_163602/results/Qwen_Qwen3-VL-8B-Instruct/ladder_v2_level_3_non_target_static_distractors/20260612_150911/raw_results.jsonl,ladder_v2_level_3_non_target_static_distractors,ladder_v2,3,level_3_non_target_static_distractors,,,3,temporal_boundary_minus_low_boundary,temporal_boundary,low_boundary,0.5,1.0,-0.5,worse
/private/tmp/vlm_results_20260612_163602/results/Qwen_Qwen3-VL-8B-Instruct/ladder_v2_level_3_non_target_static_distractors/20260612_150911/raw_results.jsonl,ladder_v2_level_3_non_target_static_distractors,ladder_v2,3,level_3_non_target_static_distractors,,,3,visual_boundary_minus_low_boundary,visual_boundary,low_boundary,0.5,1.0,-0.5,worse
/private/tmp/vlm_results_20260612_163602/results/Qwen_Qwen3-VL-8B-Instruct/ladder_v2_level_3_non_target_static_distractors/20260612_150911/raw_results.jsonl,ladder_v2_level_3_non_target_static_distractors,ladder_v2,3,level_3_non_target_static_distractors,,,4,audio_boundary_minus_low_boundary,audio_boundary,low_boundary,1.0,1.0,0.0,same
/private/tmp/vlm_results_20260612_163602/results/Qwen_Qwen3-VL-8B-Instruct/ladder_v2_level_3_non_target_static_distractors/20260612_150911/raw_results.jsonl,ladder_v2_level_3_non_target_static_distractors,ladder_v2,3,level_3_non_target_static_distractors,,,4,temporal_boundary_minus_low_boundary,temporal_boundary,low_boundary,1.0,1.0,0.0,same
/private/tmp/vlm_results_20260612_163602/results/Qwen_Qwen3-VL-8B-Instruct/ladder_v2_level_3_non_target_static_distractors/20260612_150911/raw_results.jsonl,ladder_v2_level_3_non_target_static_distractors,ladder_v2,3,level_3_non_target_static_distractors,,,4,visual_boundary_minus_low_boundary,visual_boundary,low_boundary,1.0,1.0,0.0,same
/private/tmp/vlm_results_20260612_163602/results/Qwen_Qwen3-VL-8B-Instruct/ladder_v2_level_3_non_target_static_distractors/20260612_150911/raw_results.jsonl,ladder_v2_level_3_non_target_static_distractors,ladder_v2,3,level_3_non_target_static_distractors,,,5,audio_boundary_minus_low_boundary,audio_boundary,low_boundary,1.0,1.0,0.0,same
/private/tmp/vlm_results_20260612_163602/results/Qwen_Qwen3-VL-8B-Instruct/ladder_v2_level_3_non_target_static_distractors/20260612_150911/raw_results.jsonl,ladder_v2_level_3_non_target_static_distractors,ladder_v2,3,level_3_non_target_static_distractors,,,5,temporal_boundary_minus_low_boundary,temporal_boundary,low_boundary,1.0,1.0,0.0,same
/private/tmp/vlm_results_20260612_163602/results/Qwen_Qwen3-VL-8B-Instruct/ladder_v2_level_3_non_target_static_distractors/20260612_150911/raw_results.jsonl,ladder_v2_level_3_non_target_static_distractors,ladder_v2,3,level_3_non_target_static_distractors,,,5,visual_boundary_minus_low_boundary,visual_boundary,low_boundary,1.0,1.0,0.0,same
/private/tmp/vlm_results_20260612_163602/results/Qwen_Qwen3-VL-8B-Instruct/ladder_v2_level_3_non_target_static_distractors/20260612_150911/raw_results.jsonl,ladder_v2_level_3_non_target_static_distractors,ladder_v2,3,level_3_non_target_static_distractors,,,6,audio_boundary_minus_low_boundary,audio_boundary,low_boundary,1.0,1.0,0.0,same
/private/tmp/vlm_results_20260612_163602/results/Qwen_Qwen3-VL-8B-Instruct/ladder_v2_level_3_non_target_static_distractors/20260612_150911/raw_results.jsonl,ladder_v2_level_3_non_target_static_distractors,ladder_v2,3,level_3_non_target_static_distractors,,,6,temporal_boundary_minus_low_boundary,temporal_boundary,low_boundary,1.0,1.0,0.0,same
/private/tmp/vlm_results_20260612_163602/results/Qwen_Qwen3-VL-8B-Instruct/ladder_v2_level_3_non_target_static_distractors/20260612_150911/raw_results.jsonl,ladder_v2_level_3_non_target_static_distractors,ladder_v2,3,level_3_non_target_static_distractors,,,6,visual_boundary_minus_low_boundary,visual_boundary,low_boundary,1.0,1.0,0.0,same
/private/tmp/vlm_results_20260612_163602/results/Qwen_Qwen3-VL-8B-Instruct/ladder_v2_level_3_non_target_static_distractors/20260612_150911/raw_results.jsonl,ladder_v2_level_3_non_target_static_distractors,ladder_v2,3,level_3_non_target_static_distractors,,,7,audio_boundary_minus_low_boundary,audio_boundary,low_boundary,1.0,1.0,0.0,same
/private/tmp/vlm_results_20260612_163602/results/Qwen_Qwen3-VL-8B-Instruct/ladder_v2_level_3_non_target_static_distractors/20260612_150911/raw_results.jsonl,ladder_v2_level_3_non_target_static_distractors,ladder_v2,3,level_3_non_target_static_distractors,,,7,temporal_boundary_minus_low_boundary,temporal_boundary,low_boundary,1.0,1.0,0.0,same
/private/tmp/vlm_results_20260612_163602/results/Qwen_Qwen3-VL-8B-Instruct/ladder_v2_level_3_non_target_static_distractors/20260612_150911/raw_results.jsonl,ladder_v2_level_3_non_target_static_distractors,ladder_v2,3,level_3_non_target_static_distractors,,,7,visual_boundary_minus_low_boundary,visual_boundary,low_boundary,1.0,1.0,0.0,same
/private/tmp/vlm_results_20260612_163602/results/Qwen_Qwen3-VL-8B-Instruct/ladder_v2_level_3_non_target_static_distractors/20260612_150911/raw_results.jsonl,ladder_v2_level_3_non_target_static_distractors,ladder_v2,3,level_3_non_target_static_distractors,,,8,audio_boundary_minus_low_boundary,audio_boundary,low_boundary,1.0,1.0,0.0,same
/private/tmp/vlm_results_20260612_163602/results/Qwen_Qwen3-VL-8B-Instruct/ladder_v2_level_3_non_target_static_distractors/20260612_150911/raw_results.jsonl,ladder_v2_level_3_non_target_static_distractors,ladder_v2,3,level_3_non_target_static_distractors,,,8,temporal_boundary_minus_low_boundary,temporal_boundary,low_boundary,1.0,1.0,0.0,same
/private/tmp/vlm_results_20260612_163602/results/Qwen_Qwen3-VL-8B-Instruct/ladder_v2_level_3_non_target_static_distractors/20260612_150911/raw_results.jsonl,ladder_v2_level_3_non_target_static_distractors,ladder_v2,3,level_3_non_target_static_distractors,,,8,visual_boundary_minus_low_boundary,visual_boundary,low_boundary,1.0,1.0,0.0,same
/private/tmp/vlm_results_20260612_163602/results/Qwen_Qwen3-VL-8B-Instruct/ladder_v2_level_3_non_target_static_distractors/20260612_150911/raw_results.jsonl,ladder_v2_level_3_non_target_static_distractors,ladder_v2,3,level_3_non_target_static_distractors,,,9,audio_boundary_minus_low_boundary,audio_boundary,low_boundary,1.0,1.0,0.0,same
/private/tmp/vlm_results_20260612_163602/results/Qwen_Qwen3-VL-8B-Instruct/ladder_v2_level_3_non_target_static_distractors/20260612_150911/raw_results.jsonl,ladder_v2_level_3_non_target_static_distractors,ladder_v2,3,level_3_non_target_static_distractors,,,9,temporal_boundary_minus_low_boundary,temporal_boundary,low_boundary,1.0,1.0,0.0,same
/private/tmp/vlm_results_20260612_163602/results/Qwen_Qwen3-VL-8B-Instruct/ladder_v2_level_3_non_target_static_distractors/20260612_150911/raw_results.jsonl,ladder_v2_level_3_non_target_static_distractors,ladder_v2,3,level_3_non_target_static_distractors,,,9,visual_boundary_minus_low_boundary,visual_boundary,low_boundary,1.0,1.0,0.0,same
/private/tmp/vlm_results_20260612_163602/results/Qwen_Qwen3-VL-8B-Instruct/ladder_v2_level_3_non_target_static_distractors/20260612_150911/raw_results.jsonl,ladder_v2_level_3_non_target_static_distractors,ladder_v2,3,level_3_non_target_static_distractors,,,10,audio_boundary_minus_low_boundary,audio_boundary,low_boundary,1.0,1.0,0.0,same
/private/tmp/vlm_results_20260612_163602/results/Qwen_Qwen3-VL-8B-Instruct/ladder_v2_level_3_non_target_static_distractors/20260612_150911/raw_results.jsonl,ladder_v2_level_3_non_target_static_distractors,ladder_v2,3,level_3_non_target_static_distractors,,,10,temporal_boundary_minus_low_boundary,temporal_boundary,low_boundary,1.0,1.0,0.0,same
/private/tmp/vlm_results_20260612_163602/results/Qwen_Qwen3-VL-8B-Instruct/ladder_v2_level_3_non_target_static_distractors/20260612_150911/raw_results.jsonl,ladder_v2_level_3_non_target_static_distractors,ladder_v2,3,level_3_non_target_static_distractors,,,10,visual_boundary_minus_low_boundary,visual_boundary,low_boundary,1.0,1.0,0.0,same
/private/tmp/vlm_results_20260612_163602/results/Qwen_Qwen3-VL-8B-Instruct/ladder_v2_level_3_non_target_static_distractors/20260612_150911/raw_results.jsonl,ladder_v2_level_3_non_target_static_distractors,ladder_v2,3,level_3_non_target_static_distractors,,,11,audio_boundary_minus_low_boundary,audio_boundary,low_boundary,1.0,1.0,0.0,same
/private/tmp/vlm_results_20260612_163602/results/Qwen_Qwen3-VL-8B-Instruct/ladder_v2_level_3_non_target_static_distractors/20260612_150911/raw_results.jsonl,ladder_v2_level_3_non_target_static_distractors,ladder_v2,3,level_3_non_target_static_distractors,,,11,temporal_boundary_minus_low_boundary,temporal_boundary,low_boundary,1.0,1.0,0.0,same
/private/tmp/vlm_results_20260612_163602/results/Qwen_Qwen3-VL-8B-Instruct/ladder_v2_level_3_non_target_static_distractors/20260612_150911/raw_results.jsonl,ladder_v2_level_3_non_target_static_distractors,ladder_v2,3,level_3_non_target_static_distractors,,,11,visual_boundary_minus_low_boundary,visual_boundary,low_boundary,1.0,1.0,0.0,same
/private/tmp/vlm_results_20260612_163602/results/Qwen_Qwen3-VL-8B-Instruct/ladder_v2_level_3_non_target_static_distractors/20260612_150911/raw_results.jsonl,ladder_v2_level_3_non_target_static_distractors,ladder_v2,3,level_3_non_target_static_distractors,,,12,audio_boundary_minus_low_boundary,audio_boundary,low_boundary,1.0,1.0,0.0,same
/private/tmp/vlm_results_20260612_163602/results/Qwen_Qwen3-VL-8B-Instruct/ladder_v2_level_3_non_target_static_distractors/20260612_150911/raw_results.jsonl,ladder_v2_level_3_non_target_static_distractors,ladder_v2,3,level_3_non_target_static_distractors,,,12,temporal_boundary_minus_low_boundary,temporal_boundary,low_boundary,1.0,1.0,0.0,same
/private/tmp/vlm_results_20260612_163602/results/Qwen_Qwen3-VL-8B-Instruct/ladder_v2_level_3_non_target_static_distractors/20260612_150911/raw_results.jsonl,ladder_v2_level_3_non_target_static_distractors,ladder_v2,3,level_3_non_target_static_distractors,,,12,visual_boundary_minus_low_boundary,visual_boundary,low_boundary,1.0,1.0,0.0,same
/private/tmp/vlm_results_20260612_163602/results/Qwen_Qwen3-VL-8B-Instruct/ladder_v2_level_3_non_target_static_distractors/20260612_150911/raw_results.jsonl,ladder_v2_level_3_non_target_static_distractors,ladder_v2,3,level_3_non_target_static_distractors,,,13,audio_boundary_minus_low_boundary,audio_boundary,low_boundary,1.0,1.0,0.0,same
/private/tmp/vlm_results_20260612_163602/results/Qwen_Qwen3-VL-8B-Instruct/ladder_v2_level_3_non_target_static_distractors/20260612_150911/raw_results.jsonl,ladder_v2_level_3_non_target_static_distractors,ladder_v2,3,level_3_non_target_static_distractors,,,13,temporal_boundary_minus_low_boundary,temporal_boundary,low_boundary,1.0,1.0,0.0,same
/private/tmp/vlm_results_20260612_163602/results/Qwen_Qwen3-VL-8B-Instruct/ladder_v2_level_3_non_target_static_distractors/20260612_150911/raw_results.jsonl,ladder_v2_level_3_non_target_static_distractors,ladder_v2,3,level_3_non_target_static_distractors,,,13,visual_boundary_minus_low_boundary,visual_boundary,low_boundary,1.0,1.0,0.0,same
/private/tmp/vlm_results_20260612_163602/results/Qwen_Qwen3-VL-8B-Instruct/ladder_v2_level_3_non_target_static_distractors/20260612_150911/raw_results.jsonl,ladder_v2_level_3_non_target_static_distractors,ladder_v2,3,level_3_non_target_static_distractors,,,14,audio_boundary_minus_low_boundary,audio_boundary,low_boundary,1.0,1.0,0.0,same
/private/tmp/vlm_results_20260612_163602/results/Qwen_Qwen3-VL-8B-Instruct/ladder_v2_level_3_non_target_static_distractors/20260612_150911/raw_results.jsonl,ladder_v2_level_3_non_target_static_distractors,ladder_v2,3,level_3_non_target_static_distractors,,,14,temporal_boundary_minus_low_boundary,temporal_boundary,low_boundary,1.0,1.0,0.0,same
/private/tmp/vlm_results_20260612_163602/results/Qwen_Qwen3-VL-8B-Instruct/ladder_v2_level_3_non_target_static_distractors/20260612_150911/raw_results.jsonl,ladder_v2_level_3_non_target_static_distractors,ladder_v2,3,level_3_non_target_static_distractors,,,14,visual_boundary_minus_low_boundary,visual_boundary,low_boundary,1.0,1.0,0.0,same
/private/tmp/vlm_results_20260612_163602/results/Qwen_Qwen3-VL-8B-Instruct/ladder_v2_level_3_non_target_static_distractors/20260612_150911/raw_results.jsonl,ladder_v2_level_3_non_target_static_distractors,ladder_v2,3,level_3_non_target_static_distractors,,,15,audio_boundary_minus_low_boundary,audio_boundary,low_boundary,1.0,1.0,0.0,same
/private/tmp/vlm_results_20260612_163602/results/Qwen_Qwen3-VL-8B-Instruct/ladder_v2_level_3_non_target_static_distractors/20260612_150911/raw_results.jsonl,ladder_v2_level_3_non_target_static_distractors,ladder_v2,3,level_3_non_target_static_distractors,,,15,temporal_boundary_minus_low_boundary,temporal_boundary,low_boundary,1.0,1.0,0.0,same
/private/tmp/vlm_results_20260612_163602/results/Qwen_Qwen3-VL-8B-Instruct/ladder_v2_level_3_non_target_static_distractors/20260612_150911/raw_results.jsonl,ladder_v2_level_3_non_target_static_distractors,ladder_v2,3,level_3_non_target_static_distractors,,,15,visual_boundary_minus_low_boundary,visual_boundary,low_boundary,1.0,1.0,0.0,same
/private/tmp/vlm_results_20260612_163602/results/Qwen_Qwen3-VL-8B-Instruct/ladder_v2_level_3_non_target_static_distractors/20260612_150911/raw_results.jsonl,ladder_v2_level_3_non_target_static_distractors,ladder_v2,3,level_3_non_target_static_distractors,,,16,audio_boundary_minus_low_boundary,audio_boundary,low_boundary,1.0,1.0,0.0,same
/private/tmp/vlm_results_20260612_163602/results/Qwen_Qwen3-VL-8B-Instruct/ladder_v2_level_3_non_target_static_distractors/20260612_150911/raw_results.jsonl,ladder_v2_level_3_non_target_static_distractors,ladder_v2,3,level_3_non_target_static_distractors,,,16,temporal_boundary_minus_low_boundary,temporal_boundary,low_boundary,1.0,1.0,0.0,same
/private/tmp/vlm_results_20260612_163602/results/Qwen_Qwen3-VL-8B-Instruct/ladder_v2_level_3_non_target_static_distractors/20260612_150911/raw_results.jsonl,ladder_v2_level_3_non_target_static_distractors,ladder_v2,3,level_3_non_target_static_distractors,,,16,visual_boundary_minus_low_boundary,visual_boundary,low_boundary,1.0,1.0,0.0,same
/private/tmp/vlm_results_20260612_163602/results/Qwen_Qwen3-VL-8B-Instruct/ladder_v2_level_3_non_target_static_distractors/20260612_150911/raw_results.jsonl,ladder_v2_level_3_non_target_static_distractors,ladder_v2,3,level_3_non_target_static_distractors,,,17,audio_boundary_minus_low_boundary,audio_boundary,low_boundary,1.0,1.0,0.0,same
/private/tmp/vlm_results_20260612_163602/results/Qwen_Qwen3-VL-8B-Instruct/ladder_v2_level_3_non_target_static_distractors/20260612_150911/raw_results.jsonl,ladder_v2_level_3_non_target_static_distractors,ladder_v2,3,level_3_non_target_static_distractors,,,17,temporal_boundary_minus_low_boundary,temporal_boundary,low_boundary,1.0,1.0,0.0,same
/private/tmp/vlm_results_20260612_163602/results/Qwen_Qwen3-VL-8B-Instruct/ladder_v2_level_3_non_target_static_distractors/20260612_150911/raw_results.jsonl,ladder_v2_level_3_non_target_static_distractors,ladder_v2,3,level_3_non_target_static_distractors,,,17,visual_boundary_minus_low_boundary,visual_boundary,low_boundary,0.5,1.0,-0.5,worse
/private/tmp/vlm_results_20260612_163602/results/Qwen_Qwen3-VL-8B-Instruct/ladder_v2_level_3_non_target_static_distractors/20260612_150911/raw_results.jsonl,ladder_v2_level_3_non_target_static_distractors,ladder_v2,3,level_3_non_target_static_distractors,,,18,audio_boundary_minus_low_boundary,audio_boundary,low_boundary,1.0,1.0,0.0,same
/private/tmp/vlm_results_20260612_163602/results/Qwen_Qwen3-VL-8B-Instruct/ladder_v2_level_3_non_target_static_distractors/20260612_150911/raw_results.jsonl,ladder_v2_level_3_non_target_static_distractors,ladder_v2,3,level_3_non_target_static_distractors,,,18,temporal_boundary_minus_low_boundary,temporal_boundary,low_boundary,1.0,1.0,0.0,same
/private/tmp/vlm_results_20260612_163602/results/Qwen_Qwen3-VL-8B-Instruct/ladder_v2_level_3_non_target_static_distractors/20260612_150911/raw_results.jsonl,ladder_v2_level_3_non_target_static_distractors,ladder_v2,3,level_3_non_target_static_distractors,,,18,visual_boundary_minus_low_boundary,visual_boundary,low_boundary,1.0,1.0,0.0,same
/private/tmp/vlm_results_20260612_163602/results/Qwen_Qwen3-VL-8B-Instruct/ladder_v2_level_3_non_target_static_distractors/20260612_150911/raw_results.jsonl,ladder_v2_level_3_non_target_static_distractors,ladder_v2,3,level_3_non_target_static_distractors,,,19,audio_boundary_minus_low_boundary,audio_boundary,low_boundary,1.0,1.0,0.0,same
/private/tmp/vlm_results_20260612_163602/results/Qwen_Qwen3-VL-8B-Instruct/ladder_v2_level_3_non_target_static_distractors/20260612_150911/raw_results.jsonl,ladder_v2_level_3_non_target_static_distractors,ladder_v2,3,level_3_non_target_static_distractors,,,19,temporal_boundary_minus_low_boundary,temporal_boundary,low_boundary,1.0,1.0,0.0,same
/private/tmp/vlm_results_20260612_163602/results/Qwen_Qwen3-VL-8B-Instruct/ladder_v2_level_3_non_target_static_distractors/20260612_150911/raw_results.jsonl,ladder_v2_level_3_non_target_static_distractors,ladder_v2,3,level_3_non_target_static_distractors,,,19,visual_boundary_minus_low_boundary,visual_boundary,low_boundary,1.0,1.0,0.0,same
/private/tmp/vlm_results_20260612_163602/results/Qwen_Qwen3-VL-8B-Instruct/ladder_v2_level_3_non_target_static_distractors/20260612_150911/raw_results.jsonl,ladder_v2_level_3_non_target_static_distractors,ladder_v2,3,level_3_non_target_static_distractors,,,20,audio_boundary_minus_low_boundary,audio_boundary,low_boundary,1.0,1.0,0.0,same
/private/tmp/vlm_results_20260612_163602/results/Qwen_Qwen3-VL-8B-Instruct/ladder_v2_level_3_non_target_static_distractors/20260612_150911/raw_results.jsonl,ladder_v2_level_3_non_target_static_distractors,ladder_v2,3,level_3_non_target_static_distractors,,,20,temporal_boundary_minus_low_boundary,temporal_boundary,low_boundary,1.0,1.0,0.0,same
/private/tmp/vlm_results_20260612_163602/results/Qwen_Qwen3-VL-8B-Instruct/ladder_v2_level_3_non_target_static_distractors/20260612_150911/raw_results.jsonl,ladder_v2_level_3_non_target_static_distractors,ladder_v2,3,level_3_non_target_static_distractors,,,20,visual_boundary_minus_low_boundary,visual_boundary,low_boundary,1.0,1.0,0.0,same
/private/tmp/vlm_results_20260612_163602/results/Qwen_Qwen3-VL-8B-Instruct/ladder_v2_level_3_non_target_static_distractors/20260612_150911/raw_results.jsonl,ladder_v2_level_3_non_target_static_distractors,ladder_v2,3,level_3_non_target_static_distractors,,,21,audio_boundary_minus_low_boundary,audio_boundary,low_boundary,1.0,1.0,0.0,same
/private/tmp/vlm_results_20260612_163602/results/Qwen_Qwen3-VL-8B-Instruct/ladder_v2_level_3_non_target_static_distractors/20260612_150911/raw_results.jsonl,ladder_v2_level_3_non_target_static_distractors,ladder_v2,3,level_3_non_target_static_distractors,,,21,temporal_boundary_minus_low_boundary,temporal_boundary,low_boundary,1.0,1.0,0.0,same
/private/tmp/vlm_results_20260612_163602/results/Qwen_Qwen3-VL-8B-Instruct/ladder_v2_level_3_non_target_static_distractors/20260612_150911/raw_results.jsonl,ladder_v2_level_3_non_target_static_distractors,ladder_v2,3,level_3_non_target_static_distractors,,,21,visual_boundary_minus_low_boundary,visual_boundary,low_boundary,1.0,1.0,0.0,same
/private/tmp/vlm_results_20260612_163602/results/Qwen_Qwen3-VL-8B-Instruct/ladder_v2_level_3_non_target_static_distractors/20260612_150911/raw_results.jsonl,ladder_v2_level_3_non_target_static_distractors,ladder_v2,3,level_3_non_target_static_distractors,,,22,audio_boundary_minus_low_boundary,audio_boundary,low_boundary,1.0,1.0,0.0,same
/private/tmp/vlm_results_20260612_163602/results/Qwen_Qwen3-VL-8B-Instruct/ladder_v2_level_3_non_target_static_distractors/20260612_150911/raw_results.jsonl,ladder_v2_level_3_non_target_static_distractors,ladder_v2,3,level_3_non_target_static_distractors,,,22,temporal_boundary_minus_low_boundary,temporal_boundary,low_boundary,1.0,1.0,0.0,same
/private/tmp/vlm_results_20260612_163602/results/Qwen_Qwen3-VL-8B-Instruct/ladder_v2_level_3_non_target_static_distractors/20260612_150911/raw_results.jsonl,ladder_v2_level_3_non_target_static_distractors,ladder_v2,3,level_3_non_target_static_distractors,,,22,visual_boundary_minus_low_boundary,visual_boundary,low_boundary,1.0,1.0,0.0,same
/private/tmp/vlm_results_20260612_163602/results/Qwen_Qwen3-VL-8B-Instruct/ladder_v2_level_3_non_target_static_distractors/20260612_150911/raw_results.jsonl,ladder_v2_level_3_non_target_static_distractors,ladder_v2,3,level_3_non_target_static_distractors,,,23,audio_boundary_minus_low_boundary,audio_boundary,low_boundary,1.0,1.0,0.0,same
/private/tmp/vlm_results_20260612_163602/results/Qwen_Qwen3-VL-8B-Instruct/ladder_v2_level_3_non_target_static_distractors/20260612_150911/raw_results.jsonl,ladder_v2_level_3_non_target_static_distractors,ladder_v2,3,level_3_non_target_static_distractors,,,23,temporal_boundary_minus_low_boundary,temporal_boundary,low_boundary,1.0,1.0,0.0,same
/private/tmp/vlm_results_20260612_163602/results/Qwen_Qwen3-VL-8B-Instruct/ladder_v2_level_3_non_target_static_distractors/20260612_150911/raw_results.jsonl,ladder_v2_level_3_non_target_static_distractors,ladder_v2,3,level_3_non_target_static_distractors,,,23,visual_boundary_minus_low_boundary,visual_boundary,low_boundary,1.0,1.0,0.0,same
/private/tmp/vlm_results_20260612_163602/results/Qwen_Qwen3-VL-8B-Instruct/ladder_v2_level_3_non_target_static_distractors/20260612_150911/raw_results.jsonl,ladder_v2_level_3_non_target_static_distractors,ladder_v2,3,level_3_non_target_static_distractors,,,24,audio_boundary_minus_low_boundary,audio_boundary,low_boundary,1.0,1.0,0.0,same
/private/tmp/vlm_results_20260612_163602/results/Qwen_Qwen3-VL-8B-Instruct/ladder_v2_level_3_non_target_static_distractors/20260612_150911/raw_results.jsonl,ladder_v2_level_3_non_target_static_distractors,ladder_v2,3,level_3_non_target_static_distractors,,,24,temporal_boundary_minus_low_boundary,temporal_boundary,low_boundary,1.0,1.0,0.0,same
/private/tmp/vlm_results_20260612_163602/results/Qwen_Qwen3-VL-8B-Instruct/ladder_v2_level_3_non_target_static_distractors/20260612_150911/raw_results.jsonl,ladder_v2_level_3_non_target_static_distractors,ladder_v2,3,level_3_non_target_static_distractors,,,24,visual_boundary_minus_low_boundary,visual_boundary,low_boundary,1.0,1.0,0.0,same
/private/tmp/vlm_results_20260612_163602/results/Qwen_Qwen3-VL-8B-Instruct/ladder_v2_level_3_non_target_static_distractors/20260612_150911/raw_results.jsonl,ladder_v2_level_3_non_target_static_distractors,ladder_v2,3,level_3_non_target_static_distractors,,,25,audio_boundary_minus_low_boundary,audio_boundary,low_boundary,1.0,0.5,0.5,improved
/private/tmp/vlm_results_20260612_163602/results/Qwen_Qwen3-VL-8B-Instruct/ladder_v2_level_3_non_target_static_distractors/20260612_150911/raw_results.jsonl,ladder_v2_level_3_non_target_static_distractors,ladder_v2,3,level_3_non_target_static_distractors,,,25,temporal_boundary_minus_low_boundary,temporal_boundary,low_boundary,1.0,0.5,0.5,improved
/private/tmp/vlm_results_20260612_163602/results/Qwen_Qwen3-VL-8B-Instruct/ladder_v2_level_3_non_target_static_distractors/20260612_150911/raw_results.jsonl,ladder_v2_level_3_non_target_static_distractors,ladder_v2,3,level_3_non_target_static_distractors,,,25,visual_boundary_minus_low_boundary,visual_boundary,low_boundary,0.5,0.5,0.0,same
/private/tmp/vlm_results_20260612_163602/results/Qwen_Qwen3-VL-8B-Instruct/ladder_v2_level_3_non_target_static_distractors/20260612_150911/raw_results.jsonl,ladder_v2_level_3_non_target_static_distractors,ladder_v2,3,level_3_non_target_static_distractors,,,26,audio_boundary_minus_low_boundary,audio_boundary,low_boundary,1.0,1.0,0.0,same
/private/tmp/vlm_results_20260612_163602/results/Qwen_Qwen3-VL-8B-Instruct/ladder_v2_level_3_non_target_static_distractors/20260612_150911/raw_results.jsonl,ladder_v2_level_3_non_target_static_distractors,ladder_v2,3,level_3_non_target_static_distractors,,,26,temporal_boundary_minus_low_boundary,temporal_boundary,low_boundary,1.0,1.0,0.0,same
/private/tmp/vlm_results_20260612_163602/results/Qwen_Qwen3-VL-8B-Instruct/ladder_v2_level_3_non_target_static_distractors/20260612_150911/raw_results.jsonl,ladder_v2_level_3_non_target_static_distractors,ladder_v2,3,level_3_non_target_static_distractors,,,26,visual_boundary_minus_low_boundary,visual_boundary,low_boundary,1.0,1.0,0.0,same
/private/tmp/vlm_results_20260612_163602/results/Qwen_Qwen3-VL-8B-Instruct/ladder_v2_level_3_non_target_static_distractors/20260612_150911/raw_results.jsonl,ladder_v2_level_3_non_target_static_distractors,ladder_v2,3,level_3_non_target_static_distractors,,,27,audio_boundary_minus_low_boundary,audio_boundary,low_boundary,1.0,1.0,0.0,same
/private/tmp/vlm_results_20260612_163602/results/Qwen_Qwen3-VL-8B-Instruct/ladder_v2_level_3_non_target_static_distractors/20260612_150911/raw_results.jsonl,ladder_v2_level_3_non_target_static_distractors,ladder_v2,3,level_3_non_target_static_distractors,,,27,temporal_boundary_minus_low_boundary,temporal_boundary,low_boundary,1.0,1.0,0.0,same
/private/tmp/vlm_results_20260612_163602/results/Qwen_Qwen3-VL-8B-Instruct/ladder_v2_level_3_non_target_static_distractors/20260612_150911/raw_results.jsonl,ladder_v2_level_3_non_target_static_distractors,ladder_v2,3,level_3_non_target_static_distractors,,,27,visual_boundary_minus_low_boundary,visual_boundary,low_boundary,1.0,1.0,0.0,same
/private/tmp/vlm_results_20260612_163602/results/Qwen_Qwen3-VL-8B-Instruct/ladder_v2_level_3_non_target_static_distractors/20260612_150911/raw_results.jsonl,ladder_v2_level_3_non_target_static_distractors,ladder_v2,3,level_3_non_target_static_distractors,,,28,audio_boundary_minus_low_boundary,audio_boundary,low_boundary,1.0,1.0,0.0,same
/private/tmp/vlm_results_20260612_163602/results/Qwen_Qwen3-VL-8B-Instruct/ladder_v2_level_3_non_target_static_distractors/20260612_150911/raw_results.jsonl,ladder_v2_level_3_non_target_static_distractors,ladder_v2,3,level_3_non_target_static_distractors,,,28,temporal_boundary_minus_low_boundary,temporal_boundary,low_boundary,1.0,1.0,0.0,same
/private/tmp/vlm_results_20260612_163602/results/Qwen_Qwen3-VL-8B-Instruct/ladder_v2_level_3_non_target_static_distractors/20260612_150911/raw_results.jsonl,ladder_v2_level_3_non_target_static_distractors,ladder_v2,3,level_3_non_target_static_distractors,,,28,visual_boundary_minus_low_boundary,visual_boundary,low_boundary,1.0,1.0,0.0,same
/private/tmp/vlm_results_20260612_163602/results/Qwen_Qwen3-VL-8B-Instruct/ladder_v2_level_3_non_target_static_distractors/20260612_150911/raw_results.jsonl,ladder_v2_level_3_non_target_static_distractors,ladder_v2,3,level_3_non_target_static_distractors,,,29,audio_boundary_minus_low_boundary,audio_boundary,low_boundary,1.0,1.0,0.0,same
/private/tmp/vlm_results_20260612_163602/results/Qwen_Qwen3-VL-8B-Instruct/ladder_v2_level_3_non_target_static_distractors/20260612_150911/raw_results.jsonl,ladder_v2_level_3_non_target_static_distractors,ladder_v2,3,level_3_non_target_static_distractors,,,29,temporal_boundary_minus_low_boundary,temporal_boundary,low_boundary,1.0,1.0,0.0,same
/private/tmp/vlm_results_20260612_163602/results/Qwen_Qwen3-VL-8B-Instruct/ladder_v2_level_3_non_target_static_distractors/20260612_150911/raw_results.jsonl,ladder_v2_level_3_non_target_static_distractors,ladder_v2,3,level_3_non_target_static_distractors,,,29,visual_boundary_minus_low_boundary,visual_boundary,low_boundary,1.0,1.0,0.0,same
/private/tmp/vlm_results_20260612_163602/results/Qwen_Qwen3-VL-8B-Instruct/ladder_v2_level_3_non_target_static_distractors/20260612_150911/raw_results.jsonl,ladder_v2_level_3_non_target_static_distractors,ladder_v2,3,level_3_non_target_static_distractors,,,30,audio_boundary_minus_low_boundary,audio_boundary,low_boundary,1.0,1.0,0.0,same
/private/tmp/vlm_results_20260612_163602/results/Qwen_Qwen3-VL-8B-Instruct/ladder_v2_level_3_non_target_static_distractors/20260612_150911/raw_results.jsonl,ladder_v2_level_3_non_target_static_distractors,ladder_v2,3,level_3_non_target_static_distractors,,,30,temporal_boundary_minus_low_boundary,temporal_boundary,low_boundary,1.0,1.0,0.0,same
/private/tmp/vlm_results_20260612_163602/results/Qwen_Qwen3-VL-8B-Instruct/ladder_v2_level_3_non_target_static_distractors/20260612_150911/raw_results.jsonl,ladder_v2_level_3_non_target_static_distractors,ladder_v2,3,level_3_non_target_static_distractors,,,30,visual_boundary_minus_low_boundary,visual_boundary,low_boundary,1.0,1.0,0.0,same
/private/tmp/vlm_results_20260612_163602/results/Qwen_Qwen3-VL-8B-Instruct/ladder_v2_level_4_target_like_static_distractors/20260612_150911/raw_results.jsonl,ladder_v2_level_4_target_like_static_distractors,ladder_v2,4,level_4_target_like_static_distractors,,,1,audio_boundary_minus_low_boundary,audio_boundary,low_boundary,1.0,1.0,0.0,same
/private/tmp/vlm_results_20260612_163602/results/Qwen_Qwen3-VL-8B-Instruct/ladder_v2_level_4_target_like_static_distractors/20260612_150911/raw_results.jsonl,ladder_v2_level_4_target_like_static_distractors,ladder_v2,4,level_4_target_like_static_distractors,,,1,temporal_boundary_minus_low_boundary,temporal_boundary,low_boundary,1.0,1.0,0.0,same
/private/tmp/vlm_results_20260612_163602/results/Qwen_Qwen3-VL-8B-Instruct/ladder_v2_level_4_target_like_static_distractors/20260612_150911/raw_results.jsonl,ladder_v2_level_4_target_like_static_distractors,ladder_v2,4,level_4_target_like_static_distractors,,,1,visual_boundary_minus_low_boundary,visual_boundary,low_boundary,1.0,1.0,0.0,same
/private/tmp/vlm_results_20260612_163602/results/Qwen_Qwen3-VL-8B-Instruct/ladder_v2_level_4_target_like_static_distractors/20260612_150911/raw_results.jsonl,ladder_v2_level_4_target_like_static_distractors,ladder_v2,4,level_4_target_like_static_distractors,,,2,audio_boundary_minus_low_boundary,audio_boundary,low_boundary,1.0,1.0,0.0,same
/private/tmp/vlm_results_20260612_163602/results/Qwen_Qwen3-VL-8B-Instruct/ladder_v2_level_4_target_like_static_distractors/20260612_150911/raw_results.jsonl,ladder_v2_level_4_target_like_static_distractors,ladder_v2,4,level_4_target_like_static_distractors,,,2,temporal_boundary_minus_low_boundary,temporal_boundary,low_boundary,1.0,1.0,0.0,same
/private/tmp/vlm_results_20260612_163602/results/Qwen_Qwen3-VL-8B-Instruct/ladder_v2_level_4_target_like_static_distractors/20260612_150911/raw_results.jsonl,ladder_v2_level_4_target_like_static_distractors,ladder_v2,4,level_4_target_like_static_distractors,,,2,visual_boundary_minus_low_boundary,visual_boundary,low_boundary,0.5,1.0,-0.5,worse
/private/tmp/vlm_results_20260612_163602/results/Qwen_Qwen3-VL-8B-Instruct/ladder_v2_level_4_target_like_static_distractors/20260612_150911/raw_results.jsonl,ladder_v2_level_4_target_like_static_distractors,ladder_v2,4,level_4_target_like_static_distractors,,,3,audio_boundary_minus_low_boundary,audio_boundary,low_boundary,1.0,1.0,0.0,same
/private/tmp/vlm_results_20260612_163602/results/Qwen_Qwen3-VL-8B-Instruct/ladder_v2_level_4_target_like_static_distractors/20260612_150911/raw_results.jsonl,ladder_v2_level_4_target_like_static_distractors,ladder_v2,4,level_4_target_like_static_distractors,,,3,temporal_boundary_minus_low_boundary,temporal_boundary,low_boundary,1.0,1.0,0.0,same
/private/tmp/vlm_results_20260612_163602/results/Qwen_Qwen3-VL-8B-Instruct/ladder_v2_level_4_target_like_static_distractors/20260612_150911/raw_results.jsonl,ladder_v2_level_4_target_like_static_distractors,ladder_v2,4,level_4_target_like_static_distractors,,,3,visual_boundary_minus_low_boundary,visual_boundary,low_boundary,1.0,1.0,0.0,same
/private/tmp/vlm_results_20260612_163602/results/Qwen_Qwen3-VL-8B-Instruct/ladder_v2_level_4_target_like_static_distractors/20260612_150911/raw_results.jsonl,ladder_v2_level_4_target_like_static_distractors,ladder_v2,4,level_4_target_like_static_distractors,,,4,audio_boundary_minus_low_boundary,audio_boundary,low_boundary,0.5,0.5,0.0,same
/private/tmp/vlm_results_20260612_163602/results/Qwen_Qwen3-VL-8B-Instruct/ladder_v2_level_4_target_like_static_distractors/20260612_150911/raw_results.jsonl,ladder_v2_level_4_target_like_static_distractors,ladder_v2,4,level_4_target_like_static_distractors,,,4,temporal_boundary_minus_low_boundary,temporal_boundary,low_boundary,0.5,0.5,0.0,same
/private/tmp/vlm_results_20260612_163602/results/Qwen_Qwen3-VL-8B-Instruct/ladder_v2_level_4_target_like_static_distractors/20260612_150911/raw_results.jsonl,ladder_v2_level_4_target_like_static_distractors,ladder_v2,4,level_4_target_like_static_distractors,,,4,visual_boundary_minus_low_boundary,visual_boundary,low_boundary,0.5,0.5,0.0,same
/private/tmp/vlm_results_20260612_163602/results/Qwen_Qwen3-VL-8B-Instruct/ladder_v2_level_4_target_like_static_distractors/20260612_150911/raw_results.jsonl,ladder_v2_level_4_target_like_static_distractors,ladder_v2,4,level_4_target_like_static_distractors,,,5,audio_boundary_minus_low_boundary,audio_boundary,low_boundary,1.0,1.0,0.0,same
/private/tmp/vlm_results_20260612_163602/results/Qwen_Qwen3-VL-8B-Instruct/ladder_v2_level_4_target_like_static_distractors/20260612_150911/raw_results.jsonl,ladder_v2_level_4_target_like_static_distractors,ladder_v2,4,level_4_target_like_static_distractors,,,5,temporal_boundary_minus_low_boundary,temporal_boundary,low_boundary,1.0,1.0,0.0,same
/private/tmp/vlm_results_20260612_163602/results/Qwen_Qwen3-VL-8B-Instruct/ladder_v2_level_4_target_like_static_distractors/20260612_150911/raw_results.jsonl,ladder_v2_level_4_target_like_static_distractors,ladder_v2,4,level_4_target_like_static_distractors,,,5,visual_boundary_minus_low_boundary,visual_boundary,low_boundary,0.5,1.0,-0.5,worse
/private/tmp/vlm_results_20260612_163602/results/Qwen_Qwen3-VL-8B-Instruct/ladder_v2_level_4_target_like_static_distractors/20260612_150911/raw_results.jsonl,ladder_v2_level_4_target_like_static_distractors,ladder_v2,4,level_4_target_like_static_distractors,,,6,audio_boundary_minus_low_boundary,audio_boundary,low_boundary,1.0,1.0,0.0,same
/private/tmp/vlm_results_20260612_163602/results/Qwen_Qwen3-VL-8B-Instruct/ladder_v2_level_4_target_like_static_distractors/20260612_150911/raw_results.jsonl,ladder_v2_level_4_target_like_static_distractors,ladder_v2,4,level_4_target_like_static_distractors,,,6,temporal_boundary_minus_low_boundary,temporal_boundary,low_boundary,1.0,1.0,0.0,same
/private/tmp/vlm_results_20260612_163602/results/Qwen_Qwen3-VL-8B-Instruct/ladder_v2_level_4_target_like_static_distractors/20260612_150911/raw_results.jsonl,ladder_v2_level_4_target_like_static_distractors,ladder_v2,4,level_4_target_like_static_distractors,,,6,visual_boundary_minus_low_boundary,visual_boundary,low_boundary,1.0,1.0,0.0,same
/private/tmp/vlm_results_20260612_163602/results/Qwen_Qwen3-VL-8B-Instruct/ladder_v2_level_4_target_like_static_distractors/20260612_150911/raw_results.jsonl,ladder_v2_level_4_target_like_static_distractors,ladder_v2,4,level_4_target_like_static_distractors,,,7,audio_boundary_minus_low_boundary,audio_boundary,low_boundary,1.0,1.0,0.0,same
/private/tmp/vlm_results_20260612_163602/results/Qwen_Qwen3-VL-8B-Instruct/ladder_v2_level_4_target_like_static_distractors/20260612_150911/raw_results.jsonl,ladder_v2_level_4_target_like_static_distractors,ladder_v2,4,level_4_target_like_static_distractors,,,7,temporal_boundary_minus_low_boundary,temporal_boundary,low_boundary,1.0,1.0,0.0,same
/private/tmp/vlm_results_20260612_163602/results/Qwen_Qwen3-VL-8B-Instruct/ladder_v2_level_4_target_like_static_distractors/20260612_150911/raw_results.jsonl,ladder_v2_level_4_target_like_static_distractors,ladder_v2,4,level_4_target_like_static_distractors,,,7,visual_boundary_minus_low_boundary,visual_boundary,low_boundary,0.5,1.0,-0.5,worse
/private/tmp/vlm_results_20260612_163602/results/Qwen_Qwen3-VL-8B-Instruct/ladder_v2_level_4_target_like_static_distractors/20260612_150911/raw_results.jsonl,ladder_v2_level_4_target_like_static_distractors,ladder_v2,4,level_4_target_like_static_distractors,,,8,audio_boundary_minus_low_boundary,audio_boundary,low_boundary,1.0,1.0,0.0,same
/private/tmp/vlm_results_20260612_163602/results/Qwen_Qwen3-VL-8B-Instruct/ladder_v2_level_4_target_like_static_distractors/20260612_150911/raw_results.jsonl,ladder_v2_level_4_target_like_static_distractors,ladder_v2,4,level_4_target_like_static_distractors,,,8,temporal_boundary_minus_low_boundary,temporal_boundary,low_boundary,1.0,1.0,0.0,same
/private/tmp/vlm_results_20260612_163602/results/Qwen_Qwen3-VL-8B-Instruct/ladder_v2_level_4_target_like_static_distractors/20260612_150911/raw_results.jsonl,ladder_v2_level_4_target_like_static_distractors,ladder_v2,4,level_4_target_like_static_distractors,,,8,visual_boundary_minus_low_boundary,visual_boundary,low_boundary,1.0,1.0,0.0,same
/private/tmp/vlm_results_20260612_163602/results/Qwen_Qwen3-VL-8B-Instruct/ladder_v2_level_4_target_like_static_distractors/20260612_150911/raw_results.jsonl,ladder_v2_level_4_target_like_static_distractors,ladder_v2,4,level_4_target_like_static_distractors,,,9,audio_boundary_minus_low_boundary,audio_boundary,low_boundary,1.0,1.0,0.0,same
/private/tmp/vlm_results_20260612_163602/results/Qwen_Qwen3-VL-8B-Instruct/ladder_v2_level_4_target_like_static_distractors/20260612_150911/raw_results.jsonl,ladder_v2_level_4_target_like_static_distractors,ladder_v2,4,level_4_target_like_static_distractors,,,9,temporal_boundary_minus_low_boundary,temporal_boundary,low_boundary,1.0,1.0,0.0,same
/private/tmp/vlm_results_20260612_163602/results/Qwen_Qwen3-VL-8B-Instruct/ladder_v2_level_4_target_like_static_distractors/20260612_150911/raw_results.jsonl,ladder_v2_level_4_target_like_static_distractors,ladder_v2,4,level_4_target_like_static_distractors,,,9,visual_boundary_minus_low_boundary,visual_boundary,low_boundary,1.0,1.0,0.0,same
/private/tmp/vlm_results_20260612_163602/results/Qwen_Qwen3-VL-8B-Instruct/ladder_v2_level_4_target_like_static_distractors/20260612_150911/raw_results.jsonl,ladder_v2_level_4_target_like_static_distractors,ladder_v2,4,level_4_target_like_static_distractors,,,10,audio_boundary_minus_low_boundary,audio_boundary,low_boundary,1.0,1.0,0.0,same
/private/tmp/vlm_results_20260612_163602/results/Qwen_Qwen3-VL-8B-Instruct/ladder_v2_level_4_target_like_static_distractors/20260612_150911/raw_results.jsonl,ladder_v2_level_4_target_like_static_distractors,ladder_v2,4,level_4_target_like_static_distractors,,,10,temporal_boundary_minus_low_boundary,temporal_boundary,low_boundary,1.0,1.0,0.0,same
/private/tmp/vlm_results_20260612_163602/results/Qwen_Qwen3-VL-8B-Instruct/ladder_v2_level_4_target_like_static_distractors/20260612_150911/raw_results.jsonl,ladder_v2_level_4_target_like_static_distractors,ladder_v2,4,level_4_target_like_static_distractors,,,10,visual_boundary_minus_low_boundary,visual_boundary,low_boundary,1.0,1.0,0.0,same
/private/tmp/vlm_results_20260612_163602/results/Qwen_Qwen3-VL-8B-Instruct/ladder_v2_level_4_target_like_static_distractors/20260612_150911/raw_results.jsonl,ladder_v2_level_4_target_like_static_distractors,ladder_v2,4,level_4_target_like_static_distractors,,,11,audio_boundary_minus_low_boundary,audio_boundary,low_boundary,1.0,1.0,0.0,same
/private/tmp/vlm_results_20260612_163602/results/Qwen_Qwen3-VL-8B-Instruct/ladder_v2_level_4_target_like_static_distractors/20260612_150911/raw_results.jsonl,ladder_v2_level_4_target_like_static_distractors,ladder_v2,4,level_4_target_like_static_distractors,,,11,temporal_boundary_minus_low_boundary,temporal_boundary,low_boundary,1.0,1.0,0.0,same
/private/tmp/vlm_results_20260612_163602/results/Qwen_Qwen3-VL-8B-Instruct/ladder_v2_level_4_target_like_static_distractors/20260612_150911/raw_results.jsonl,ladder_v2_level_4_target_like_static_distractors,ladder_v2,4,level_4_target_like_static_distractors,,,11,visual_boundary_minus_low_boundary,visual_boundary,low_boundary,0.5,1.0,-0.5,worse
/private/tmp/vlm_results_20260612_163602/results/Qwen_Qwen3-VL-8B-Instruct/ladder_v2_level_4_target_like_static_distractors/20260612_150911/raw_results.jsonl,ladder_v2_level_4_target_like_static_distractors,ladder_v2,4,level_4_target_like_static_distractors,,,12,audio_boundary_minus_low_boundary,audio_boundary,low_boundary,1.0,1.0,0.0,same
/private/tmp/vlm_results_20260612_163602/results/Qwen_Qwen3-VL-8B-Instruct/ladder_v2_level_4_target_like_static_distractors/20260612_150911/raw_results.jsonl,ladder_v2_level_4_target_like_static_distractors,ladder_v2,4,level_4_target_like_static_distractors,,,12,temporal_boundary_minus_low_boundary,temporal_boundary,low_boundary,1.0,1.0,0.0,same
/private/tmp/vlm_results_20260612_163602/results/Qwen_Qwen3-VL-8B-Instruct/ladder_v2_level_4_target_like_static_distractors/20260612_150911/raw_results.jsonl,ladder_v2_level_4_target_like_static_distractors,ladder_v2,4,level_4_target_like_static_distractors,,,12,visual_boundary_minus_low_boundary,visual_boundary,low_boundary,1.0,1.0,0.0,same
/private/tmp/vlm_results_20260612_163602/results/Qwen_Qwen3-VL-8B-Instruct/ladder_v2_level_4_target_like_static_distractors/20260612_150911/raw_results.jsonl,ladder_v2_level_4_target_like_static_distractors,ladder_v2,4,level_4_target_like_static_distractors,,,13,audio_boundary_minus_low_boundary,audio_boundary,low_boundary,1.0,1.0,0.0,same
/private/tmp/vlm_results_20260612_163602/results/Qwen_Qwen3-VL-8B-Instruct/ladder_v2_level_4_target_like_static_distractors/20260612_150911/raw_results.jsonl,ladder_v2_level_4_target_like_static_distractors,ladder_v2,4,level_4_target_like_static_distractors,,,13,temporal_boundary_minus_low_boundary,temporal_boundary,low_boundary,1.0,1.0,0.0,same
/private/tmp/vlm_results_20260612_163602/results/Qwen_Qwen3-VL-8B-Instruct/ladder_v2_level_4_target_like_static_distractors/20260612_150911/raw_results.jsonl,ladder_v2_level_4_target_like_static_distractors,ladder_v2,4,level_4_target_like_static_distractors,,,13,visual_boundary_minus_low_boundary,visual_boundary,low_boundary,1.0,1.0,0.0,same
/private/tmp/vlm_results_20260612_163602/results/Qwen_Qwen3-VL-8B-Instruct/ladder_v2_level_4_target_like_static_distractors/20260612_150911/raw_results.jsonl,ladder_v2_level_4_target_like_static_distractors,ladder_v2,4,level_4_target_like_static_distractors,,,14,audio_boundary_minus_low_boundary,audio_boundary,low_boundary,1.0,1.0,0.0,same
/private/tmp/vlm_results_20260612_163602/results/Qwen_Qwen3-VL-8B-Instruct/ladder_v2_level_4_target_like_static_distractors/20260612_150911/raw_results.jsonl,ladder_v2_level_4_target_like_static_distractors,ladder_v2,4,level_4_target_like_static_distractors,,,14,temporal_boundary_minus_low_boundary,temporal_boundary,low_boundary,1.0,1.0,0.0,same
/private/tmp/vlm_results_20260612_163602/results/Qwen_Qwen3-VL-8B-Instruct/ladder_v2_level_4_target_like_static_distractors/20260612_150911/raw_results.jsonl,ladder_v2_level_4_target_like_static_distractors,ladder_v2,4,level_4_target_like_static_distractors,,,14,visual_boundary_minus_low_boundary,visual_boundary,low_boundary,1.0,1.0,0.0,same
/private/tmp/vlm_results_20260612_163602/results/Qwen_Qwen3-VL-8B-Instruct/ladder_v2_level_4_target_like_static_distractors/20260612_150911/raw_results.jsonl,ladder_v2_level_4_target_like_static_distractors,ladder_v2,4,level_4_target_like_static_distractors,,,15,audio_boundary_minus_low_boundary,audio_boundary,low_boundary,1.0,1.0,0.0,same
/private/tmp/vlm_results_20260612_163602/results/Qwen_Qwen3-VL-8B-Instruct/ladder_v2_level_4_target_like_static_distractors/20260612_150911/raw_results.jsonl,ladder_v2_level_4_target_like_static_distractors,ladder_v2,4,level_4_target_like_static_distractors,,,15,temporal_boundary_minus_low_boundary,temporal_boundary,low_boundary,1.0,1.0,0.0,same
/private/tmp/vlm_results_20260612_163602/results/Qwen_Qwen3-VL-8B-Instruct/ladder_v2_level_4_target_like_static_distractors/20260612_150911/raw_results.jsonl,ladder_v2_level_4_target_like_static_distractors,ladder_v2,4,level_4_target_like_static_distractors,,,15,visual_boundary_minus_low_boundary,visual_boundary,low_boundary,1.0,1.0,0.0,same
/private/tmp/vlm_results_20260612_163602/results/Qwen_Qwen3-VL-8B-Instruct/ladder_v2_level_4_target_like_static_distractors/20260612_150911/raw_results.jsonl,ladder_v2_level_4_target_like_static_distractors,ladder_v2,4,level_4_target_like_static_distractors,,,16,audio_boundary_minus_low_boundary,audio_boundary,low_boundary,1.0,1.0,0.0,same
/private/tmp/vlm_results_20260612_163602/results/Qwen_Qwen3-VL-8B-Instruct/ladder_v2_level_4_target_like_static_distractors/20260612_150911/raw_results.jsonl,ladder_v2_level_4_target_like_static_distractors,ladder_v2,4,level_4_target_like_static_distractors,,,16,temporal_boundary_minus_low_boundary,temporal_boundary,low_boundary,1.0,1.0,0.0,same
/private/tmp/vlm_results_20260612_163602/results/Qwen_Qwen3-VL-8B-Instruct/ladder_v2_level_4_target_like_static_distractors/20260612_150911/raw_results.jsonl,ladder_v2_level_4_target_like_static_distractors,ladder_v2,4,level_4_target_like_static_distractors,,,16,visual_boundary_minus_low_boundary,visual_boundary,low_boundary,0.5,1.0,-0.5,worse
/private/tmp/vlm_results_20260612_163602/results/Qwen_Qwen3-VL-8B-Instruct/ladder_v2_level_4_target_like_static_distractors/20260612_150911/raw_results.jsonl,ladder_v2_level_4_target_like_static_distractors,ladder_v2,4,level_4_target_like_static_distractors,,,17,audio_boundary_minus_low_boundary,audio_boundary,low_boundary,1.0,1.0,0.0,same
/private/tmp/vlm_results_20260612_163602/results/Qwen_Qwen3-VL-8B-Instruct/ladder_v2_level_4_target_like_static_distractors/20260612_150911/raw_results.jsonl,ladder_v2_level_4_target_like_static_distractors,ladder_v2,4,level_4_target_like_static_distractors,,,17,temporal_boundary_minus_low_boundary,temporal_boundary,low_boundary,1.0,1.0,0.0,same
/private/tmp/vlm_results_20260612_163602/results/Qwen_Qwen3-VL-8B-Instruct/ladder_v2_level_4_target_like_static_distractors/20260612_150911/raw_results.jsonl,ladder_v2_level_4_target_like_static_distractors,ladder_v2,4,level_4_target_like_static_distractors,,,17,visual_boundary_minus_low_boundary,visual_boundary,low_boundary,1.0,1.0,0.0,same
/private/tmp/vlm_results_20260612_163602/results/Qwen_Qwen3-VL-8B-Instruct/ladder_v2_level_4_target_like_static_distractors/20260612_150911/raw_results.jsonl,ladder_v2_level_4_target_like_static_distractors,ladder_v2,4,level_4_target_like_static_distractors,,,18,audio_boundary_minus_low_boundary,audio_boundary,low_boundary,1.0,1.0,0.0,same
/private/tmp/vlm_results_20260612_163602/results/Qwen_Qwen3-VL-8B-Instruct/ladder_v2_level_4_target_like_static_distractors/20260612_150911/raw_results.jsonl,ladder_v2_level_4_target_like_static_distractors,ladder_v2,4,level_4_target_like_static_distractors,,,18,temporal_boundary_minus_low_boundary,temporal_boundary,low_boundary,1.0,1.0,0.0,same
/private/tmp/vlm_results_20260612_163602/results/Qwen_Qwen3-VL-8B-Instruct/ladder_v2_level_4_target_like_static_distractors/20260612_150911/raw_results.jsonl,ladder_v2_level_4_target_like_static_distractors,ladder_v2,4,level_4_target_like_static_distractors,,,18,visual_boundary_minus_low_boundary,visual_boundary,low_boundary,1.0,1.0,0.0,same
/private/tmp/vlm_results_20260612_163602/results/Qwen_Qwen3-VL-8B-Instruct/ladder_v2_level_4_target_like_static_distractors/20260612_150911/raw_results.jsonl,ladder_v2_level_4_target_like_static_distractors,ladder_v2,4,level_4_target_like_static_distractors,,,19,audio_boundary_minus_low_boundary,audio_boundary,low_boundary,1.0,1.0,0.0,same
/private/tmp/vlm_results_20260612_163602/results/Qwen_Qwen3-VL-8B-Instruct/ladder_v2_level_4_target_like_static_distractors/20260612_150911/raw_results.jsonl,ladder_v2_level_4_target_like_static_distractors,ladder_v2,4,level_4_target_like_static_distractors,,,19,temporal_boundary_minus_low_boundary,temporal_boundary,low_boundary,1.0,1.0,0.0,same
/private/tmp/vlm_results_20260612_163602/results/Qwen_Qwen3-VL-8B-Instruct/ladder_v2_level_4_target_like_static_distractors/20260612_150911/raw_results.jsonl,ladder_v2_level_4_target_like_static_distractors,ladder_v2,4,level_4_target_like_static_distractors,,,19,visual_boundary_minus_low_boundary,visual_boundary,low_boundary,1.0,1.0,0.0,same
/private/tmp/vlm_results_20260612_163602/results/Qwen_Qwen3-VL-8B-Instruct/ladder_v2_level_4_target_like_static_distractors/20260612_150911/raw_results.jsonl,ladder_v2_level_4_target_like_static_distractors,ladder_v2,4,level_4_target_like_static_distractors,,,20,audio_boundary_minus_low_boundary,audio_boundary,low_boundary,1.0,1.0,0.0,same
/private/tmp/vlm_results_20260612_163602/results/Qwen_Qwen3-VL-8B-Instruct/ladder_v2_level_4_target_like_static_distractors/20260612_150911/raw_results.jsonl,ladder_v2_level_4_target_like_static_distractors,ladder_v2,4,level_4_target_like_static_distractors,,,20,temporal_boundary_minus_low_boundary,temporal_boundary,low_boundary,1.0,1.0,0.0,same
/private/tmp/vlm_results_20260612_163602/results/Qwen_Qwen3-VL-8B-Instruct/ladder_v2_level_4_target_like_static_distractors/20260612_150911/raw_results.jsonl,ladder_v2_level_4_target_like_static_distractors,ladder_v2,4,level_4_target_like_static_distractors,,,20,visual_boundary_minus_low_boundary,visual_boundary,low_boundary,0.5,1.0,-0.5,worse
/private/tmp/vlm_results_20260612_163602/results/Qwen_Qwen3-VL-8B-Instruct/ladder_v2_level_4_target_like_static_distractors/20260612_150911/raw_results.jsonl,ladder_v2_level_4_target_like_static_distractors,ladder_v2,4,level_4_target_like_static_distractors,,,21,audio_boundary_minus_low_boundary,audio_boundary,low_boundary,1.0,1.0,0.0,same
/private/tmp/vlm_results_20260612_163602/results/Qwen_Qwen3-VL-8B-Instruct/ladder_v2_level_4_target_like_static_distractors/20260612_150911/raw_results.jsonl,ladder_v2_level_4_target_like_static_distractors,ladder_v2,4,level_4_target_like_static_distractors,,,21,temporal_boundary_minus_low_boundary,temporal_boundary,low_boundary,1.0,1.0,0.0,same
/private/tmp/vlm_results_20260612_163602/results/Qwen_Qwen3-VL-8B-Instruct/ladder_v2_level_4_target_like_static_distractors/20260612_150911/raw_results.jsonl,ladder_v2_level_4_target_like_static_distractors,ladder_v2,4,level_4_target_like_static_distractors,,,21,visual_boundary_minus_low_boundary,visual_boundary,low_boundary,1.0,1.0,0.0,same
/private/tmp/vlm_results_20260612_163602/results/Qwen_Qwen3-VL-8B-Instruct/ladder_v2_level_4_target_like_static_distractors/20260612_150911/raw_results.jsonl,ladder_v2_level_4_target_like_static_distractors,ladder_v2,4,level_4_target_like_static_distractors,,,22,audio_boundary_minus_low_boundary,audio_boundary,low_boundary,1.0,1.0,0.0,same
/private/tmp/vlm_results_20260612_163602/results/Qwen_Qwen3-VL-8B-Instruct/ladder_v2_level_4_target_like_static_distractors/20260612_150911/raw_results.jsonl,ladder_v2_level_4_target_like_static_distractors,ladder_v2,4,level_4_target_like_static_distractors,,,22,temporal_boundary_minus_low_boundary,temporal_boundary,low_boundary,1.0,1.0,0.0,same
/private/tmp/vlm_results_20260612_163602/results/Qwen_Qwen3-VL-8B-Instruct/ladder_v2_level_4_target_like_static_distractors/20260612_150911/raw_results.jsonl,ladder_v2_level_4_target_like_static_distractors,ladder_v2,4,level_4_target_like_static_distractors,,,22,visual_boundary_minus_low_boundary,visual_boundary,low_boundary,1.0,1.0,0.0,same
/private/tmp/vlm_results_20260612_163602/results/Qwen_Qwen3-VL-8B-Instruct/ladder_v2_level_4_target_like_static_distractors/20260612_150911/raw_results.jsonl,ladder_v2_level_4_target_like_static_distractors,ladder_v2,4,level_4_target_like_static_distractors,,,23,audio_boundary_minus_low_boundary,audio_boundary,low_boundary,1.0,1.0,0.0,same
/private/tmp/vlm_results_20260612_163602/results/Qwen_Qwen3-VL-8B-Instruct/ladder_v2_level_4_target_like_static_distractors/20260612_150911/raw_results.jsonl,ladder_v2_level_4_target_like_static_distractors,ladder_v2,4,level_4_target_like_static_distractors,,,23,temporal_boundary_minus_low_boundary,temporal_boundary,low_boundary,1.0,1.0,0.0,same
/private/tmp/vlm_results_20260612_163602/results/Qwen_Qwen3-VL-8B-Instruct/ladder_v2_level_4_target_like_static_distractors/20260612_150911/raw_results.jsonl,ladder_v2_level_4_target_like_static_distractors,ladder_v2,4,level_4_target_like_static_distractors,,,23,visual_boundary_minus_low_boundary,visual_boundary,low_boundary,1.0,1.0,0.0,same
/private/tmp/vlm_results_20260612_163602/results/Qwen_Qwen3-VL-8B-Instruct/ladder_v2_level_4_target_like_static_distractors/20260612_150911/raw_results.jsonl,ladder_v2_level_4_target_like_static_distractors,ladder_v2,4,level_4_target_like_static_distractors,,,24,audio_boundary_minus_low_boundary,audio_boundary,low_boundary,1.0,1.0,0.0,same
/private/tmp/vlm_results_20260612_163602/results/Qwen_Qwen3-VL-8B-Instruct/ladder_v2_level_4_target_like_static_distractors/20260612_150911/raw_results.jsonl,ladder_v2_level_4_target_like_static_distractors,ladder_v2,4,level_4_target_like_static_distractors,,,24,temporal_boundary_minus_low_boundary,temporal_boundary,low_boundary,1.0,1.0,0.0,same
/private/tmp/vlm_results_20260612_163602/results/Qwen_Qwen3-VL-8B-Instruct/ladder_v2_level_4_target_like_static_distractors/20260612_150911/raw_results.jsonl,ladder_v2_level_4_target_like_static_distractors,ladder_v2,4,level_4_target_like_static_distractors,,,24,visual_boundary_minus_low_boundary,visual_boundary,low_boundary,1.0,1.0,0.0,same
/private/tmp/vlm_results_20260612_163602/results/Qwen_Qwen3-VL-8B-Instruct/ladder_v2_level_4_target_like_static_distractors/20260612_150911/raw_results.jsonl,ladder_v2_level_4_target_like_static_distractors,ladder_v2,4,level_4_target_like_static_distractors,,,25,audio_boundary_minus_low_boundary,audio_boundary,low_boundary,1.0,1.0,0.0,same
/private/tmp/vlm_results_20260612_163602/results/Qwen_Qwen3-VL-8B-Instruct/ladder_v2_level_4_target_like_static_distractors/20260612_150911/raw_results.jsonl,ladder_v2_level_4_target_like_static_distractors,ladder_v2,4,level_4_target_like_static_distractors,,,25,temporal_boundary_minus_low_boundary,temporal_boundary,low_boundary,1.0,1.0,0.0,same
/private/tmp/vlm_results_20260612_163602/results/Qwen_Qwen3-VL-8B-Instruct/ladder_v2_level_4_target_like_static_distractors/20260612_150911/raw_results.jsonl,ladder_v2_level_4_target_like_static_distractors,ladder_v2,4,level_4_target_like_static_distractors,,,25,visual_boundary_minus_low_boundary,visual_boundary,low_boundary,1.0,1.0,0.0,same
/private/tmp/vlm_results_20260612_163602/results/Qwen_Qwen3-VL-8B-Instruct/ladder_v2_level_4_target_like_static_distractors/20260612_150911/raw_results.jsonl,ladder_v2_level_4_target_like_static_distractors,ladder_v2,4,level_4_target_like_static_distractors,,,26,audio_boundary_minus_low_boundary,audio_boundary,low_boundary,1.0,1.0,0.0,same
/private/tmp/vlm_results_20260612_163602/results/Qwen_Qwen3-VL-8B-Instruct/ladder_v2_level_4_target_like_static_distractors/20260612_150911/raw_results.jsonl,ladder_v2_level_4_target_like_static_distractors,ladder_v2,4,level_4_target_like_static_distractors,,,26,temporal_boundary_minus_low_boundary,temporal_boundary,low_boundary,1.0,1.0,0.0,same
/private/tmp/vlm_results_20260612_163602/results/Qwen_Qwen3-VL-8B-Instruct/ladder_v2_level_4_target_like_static_distractors/20260612_150911/raw_results.jsonl,ladder_v2_level_4_target_like_static_distractors,ladder_v2,4,level_4_target_like_static_distractors,,,26,visual_boundary_minus_low_boundary,visual_boundary,low_boundary,1.0,1.0,0.0,same
/private/tmp/vlm_results_20260612_163602/results/Qwen_Qwen3-VL-8B-Instruct/ladder_v2_level_4_target_like_static_distractors/20260612_150911/raw_results.jsonl,ladder_v2_level_4_target_like_static_distractors,ladder_v2,4,level_4_target_like_static_distractors,,,27,audio_boundary_minus_low_boundary,audio_boundary,low_boundary,1.0,1.0,0.0,same
/private/tmp/vlm_results_20260612_163602/results/Qwen_Qwen3-VL-8B-Instruct/ladder_v2_level_4_target_like_static_distractors/20260612_150911/raw_results.jsonl,ladder_v2_level_4_target_like_static_distractors,ladder_v2,4,level_4_target_like_static_distractors,,,27,temporal_boundary_minus_low_boundary,temporal_boundary,low_boundary,1.0,1.0,0.0,same
/private/tmp/vlm_results_20260612_163602/results/Qwen_Qwen3-VL-8B-Instruct/ladder_v2_level_4_target_like_static_distractors/20260612_150911/raw_results.jsonl,ladder_v2_level_4_target_like_static_distractors,ladder_v2,4,level_4_target_like_static_distractors,,,27,visual_boundary_minus_low_boundary,visual_boundary,low_boundary,1.0,1.0,0.0,same
/private/tmp/vlm_results_20260612_163602/results/Qwen_Qwen3-VL-8B-Instruct/ladder_v2_level_4_target_like_static_distractors/20260612_150911/raw_results.jsonl,ladder_v2_level_4_target_like_static_distractors,ladder_v2,4,level_4_target_like_static_distractors,,,28,audio_boundary_minus_low_boundary,audio_boundary,low_boundary,1.0,1.0,0.0,same
/private/tmp/vlm_results_20260612_163602/results/Qwen_Qwen3-VL-8B-Instruct/ladder_v2_level_4_target_like_static_distractors/20260612_150911/raw_results.jsonl,ladder_v2_level_4_target_like_static_distractors,ladder_v2,4,level_4_target_like_static_distractors,,,28,temporal_boundary_minus_low_boundary,temporal_boundary,low_boundary,1.0,1.0,0.0,same
/private/tmp/vlm_results_20260612_163602/results/Qwen_Qwen3-VL-8B-Instruct/ladder_v2_level_4_target_like_static_distractors/20260612_150911/raw_results.jsonl,ladder_v2_level_4_target_like_static_distractors,ladder_v2,4,level_4_target_like_static_distractors,,,28,visual_boundary_minus_low_boundary,visual_boundary,low_boundary,1.0,1.0,0.0,same
/private/tmp/vlm_results_20260612_163602/results/Qwen_Qwen3-VL-8B-Instruct/ladder_v2_level_4_target_like_static_distractors/20260612_150911/raw_results.jsonl,ladder_v2_level_4_target_like_static_distractors,ladder_v2,4,level_4_target_like_static_distractors,,,29,audio_boundary_minus_low_boundary,audio_boundary,low_boundary,1.0,1.0,0.0,same
/private/tmp/vlm_results_20260612_163602/results/Qwen_Qwen3-VL-8B-Instruct/ladder_v2_level_4_target_like_static_distractors/20260612_150911/raw_results.jsonl,ladder_v2_level_4_target_like_static_distractors,ladder_v2,4,level_4_target_like_static_distractors,,,29,temporal_boundary_minus_low_boundary,temporal_boundary,low_boundary,1.0,1.0,0.0,same
/private/tmp/vlm_results_20260612_163602/results/Qwen_Qwen3-VL-8B-Instruct/ladder_v2_level_4_target_like_static_distractors/20260612_150911/raw_results.jsonl,ladder_v2_level_4_target_like_static_distractors,ladder_v2,4,level_4_target_like_static_distractors,,,29,visual_boundary_minus_low_boundary,visual_boundary,low_boundary,0.5,1.0,-0.5,worse
/private/tmp/vlm_results_20260612_163602/results/Qwen_Qwen3-VL-8B-Instruct/ladder_v2_level_4_target_like_static_distractors/20260612_150911/raw_results.jsonl,ladder_v2_level_4_target_like_static_distractors,ladder_v2,4,level_4_target_like_static_distractors,,,30,audio_boundary_minus_low_boundary,audio_boundary,low_boundary,1.0,1.0,0.0,same
/private/tmp/vlm_results_20260612_163602/results/Qwen_Qwen3-VL-8B-Instruct/ladder_v2_level_4_target_like_static_distractors/20260612_150911/raw_results.jsonl,ladder_v2_level_4_target_like_static_distractors,ladder_v2,4,level_4_target_like_static_distractors,,,30,temporal_boundary_minus_low_boundary,temporal_boundary,low_boundary,1.0,1.0,0.0,same
/private/tmp/vlm_results_20260612_163602/results/Qwen_Qwen3-VL-8B-Instruct/ladder_v2_level_4_target_like_static_distractors/20260612_150911/raw_results.jsonl,ladder_v2_level_4_target_like_static_distractors,ladder_v2,4,level_4_target_like_static_distractors,,,30,visual_boundary_minus_low_boundary,visual_boundary,low_boundary,0.5,1.0,-0.5,worse
/private/tmp/vlm_results_20260612_163602/results/Qwen_Qwen3-VL-8B-Instruct/ladder_v2_level_5_target_like_moving_distractors/20260612_150911/raw_results.jsonl,ladder_v2_level_5_target_like_moving_distractors,ladder_v2,5,level_5_target_like_moving_distractors,,,1,audio_boundary_minus_low_boundary,audio_boundary,low_boundary,1.0,0.5,0.5,improved
/private/tmp/vlm_results_20260612_163602/results/Qwen_Qwen3-VL-8B-Instruct/ladder_v2_level_5_target_like_moving_distractors/20260612_150911/raw_results.jsonl,ladder_v2_level_5_target_like_moving_distractors,ladder_v2,5,level_5_target_like_moving_distractors,,,1,temporal_boundary_minus_low_boundary,temporal_boundary,low_boundary,1.0,0.5,0.5,improved
/private/tmp/vlm_results_20260612_163602/results/Qwen_Qwen3-VL-8B-Instruct/ladder_v2_level_5_target_like_moving_distractors/20260612_150911/raw_results.jsonl,ladder_v2_level_5_target_like_moving_distractors,ladder_v2,5,level_5_target_like_moving_distractors,,,1,visual_boundary_minus_low_boundary,visual_boundary,low_boundary,0.5,0.5,0.0,same
/private/tmp/vlm_results_20260612_163602/results/Qwen_Qwen3-VL-8B-Instruct/ladder_v2_level_5_target_like_moving_distractors/20260612_150911/raw_results.jsonl,ladder_v2_level_5_target_like_moving_distractors,ladder_v2,5,level_5_target_like_moving_distractors,,,2,audio_boundary_minus_low_boundary,audio_boundary,low_boundary,0.5,1.0,-0.5,worse
/private/tmp/vlm_results_20260612_163602/results/Qwen_Qwen3-VL-8B-Instruct/ladder_v2_level_5_target_like_moving_distractors/20260612_150911/raw_results.jsonl,ladder_v2_level_5_target_like_moving_distractors,ladder_v2,5,level_5_target_like_moving_distractors,,,2,temporal_boundary_minus_low_boundary,temporal_boundary,low_boundary,0.5,1.0,-0.5,worse
/private/tmp/vlm_results_20260612_163602/results/Qwen_Qwen3-VL-8B-Instruct/ladder_v2_level_5_target_like_moving_distractors/20260612_150911/raw_results.jsonl,ladder_v2_level_5_target_like_moving_distractors,ladder_v2,5,level_5_target_like_moving_distractors,,,2,visual_boundary_minus_low_boundary,visual_boundary,low_boundary,0.5,1.0,-0.5,worse
/private/tmp/vlm_results_20260612_163602/results/Qwen_Qwen3-VL-8B-Instruct/ladder_v2_level_5_target_like_moving_distractors/20260612_150911/raw_results.jsonl,ladder_v2_level_5_target_like_moving_distractors,ladder_v2,5,level_5_target_like_moving_distractors,,,3,audio_boundary_minus_low_boundary,audio_boundary,low_boundary,1.0,1.0,0.0,same
/private/tmp/vlm_results_20260612_163602/results/Qwen_Qwen3-VL-8B-Instruct/ladder_v2_level_5_target_like_moving_distractors/20260612_150911/raw_results.jsonl,ladder_v2_level_5_target_like_moving_distractors,ladder_v2,5,level_5_target_like_moving_distractors,,,3,temporal_boundary_minus_low_boundary,temporal_boundary,low_boundary,1.0,1.0,0.0,same
/private/tmp/vlm_results_20260612_163602/results/Qwen_Qwen3-VL-8B-Instruct/ladder_v2_level_5_target_like_moving_distractors/20260612_150911/raw_results.jsonl,ladder_v2_level_5_target_like_moving_distractors,ladder_v2,5,level_5_target_like_moving_distractors,,,3,visual_boundary_minus_low_boundary,visual_boundary,low_boundary,0.5,1.0,-0.5,worse
/private/tmp/vlm_results_20260612_163602/results/Qwen_Qwen3-VL-8B-Instruct/ladder_v2_level_5_target_like_moving_distractors/20260612_150911/raw_results.jsonl,ladder_v2_level_5_target_like_moving_distractors,ladder_v2,5,level_5_target_like_moving_distractors,,,4,audio_boundary_minus_low_boundary,audio_boundary,low_boundary,1.0,1.0,0.0,same
/private/tmp/vlm_results_20260612_163602/results/Qwen_Qwen3-VL-8B-Instruct/ladder_v2_level_5_target_like_moving_distractors/20260612_150911/raw_results.jsonl,ladder_v2_level_5_target_like_moving_distractors,ladder_v2,5,level_5_target_like_moving_distractors,,,4,temporal_boundary_minus_low_boundary,temporal_boundary,low_boundary,1.0,1.0,0.0,same
/private/tmp/vlm_results_20260612_163602/results/Qwen_Qwen3-VL-8B-Instruct/ladder_v2_level_5_target_like_moving_distractors/20260612_150911/raw_results.jsonl,ladder_v2_level_5_target_like_moving_distractors,ladder_v2,5,level_5_target_like_moving_distractors,,,4,visual_boundary_minus_low_boundary,visual_boundary,low_boundary,1.0,1.0,0.0,same
/private/tmp/vlm_results_20260612_163602/results/Qwen_Qwen3-VL-8B-Instruct/ladder_v2_level_5_target_like_moving_distractors/20260612_150911/raw_results.jsonl,ladder_v2_level_5_target_like_moving_distractors,ladder_v2,5,level_5_target_like_moving_distractors,,,5,audio_boundary_minus_low_boundary,audio_boundary,low_boundary,1.0,1.0,0.0,same
/private/tmp/vlm_results_20260612_163602/results/Qwen_Qwen3-VL-8B-Instruct/ladder_v2_level_5_target_like_moving_distractors/20260612_150911/raw_results.jsonl,ladder_v2_level_5_target_like_moving_distractors,ladder_v2,5,level_5_target_like_moving_distractors,,,5,temporal_boundary_minus_low_boundary,temporal_boundary,low_boundary,1.0,1.0,0.0,same
/private/tmp/vlm_results_20260612_163602/results/Qwen_Qwen3-VL-8B-Instruct/ladder_v2_level_5_target_like_moving_distractors/20260612_150911/raw_results.jsonl,ladder_v2_level_5_target_like_moving_distractors,ladder_v2,5,level_5_target_like_moving_distractors,,,5,visual_boundary_minus_low_boundary,visual_boundary,low_boundary,1.0,1.0,0.0,same
/private/tmp/vlm_results_20260612_163602/results/Qwen_Qwen3-VL-8B-Instruct/ladder_v2_level_5_target_like_moving_distractors/20260612_150911/raw_results.jsonl,ladder_v2_level_5_target_like_moving_distractors,ladder_v2,5,level_5_target_like_moving_distractors,,,6,audio_boundary_minus_low_boundary,audio_boundary,low_boundary,1.0,1.0,0.0,same
/private/tmp/vlm_results_20260612_163602/results/Qwen_Qwen3-VL-8B-Instruct/ladder_v2_level_5_target_like_moving_distractors/20260612_150911/raw_results.jsonl,ladder_v2_level_5_target_like_moving_distractors,ladder_v2,5,level_5_target_like_moving_distractors,,,6,temporal_boundary_minus_low_boundary,temporal_boundary,low_boundary,1.0,1.0,0.0,same
/private/tmp/vlm_results_20260612_163602/results/Qwen_Qwen3-VL-8B-Instruct/ladder_v2_level_5_target_like_moving_distractors/20260612_150911/raw_results.jsonl,ladder_v2_level_5_target_like_moving_distractors,ladder_v2,5,level_5_target_like_moving_distractors,,,6,visual_boundary_minus_low_boundary,visual_boundary,low_boundary,1.0,1.0,0.0,same
/private/tmp/vlm_results_20260612_163602/results/Qwen_Qwen3-VL-8B-Instruct/ladder_v2_level_5_target_like_moving_distractors/20260612_150911/raw_results.jsonl,ladder_v2_level_5_target_like_moving_distractors,ladder_v2,5,level_5_target_like_moving_distractors,,,7,audio_boundary_minus_low_boundary,audio_boundary,low_boundary,0.5,0.5,0.0,same
/private/tmp/vlm_results_20260612_163602/results/Qwen_Qwen3-VL-8B-Instruct/ladder_v2_level_5_target_like_moving_distractors/20260612_150911/raw_results.jsonl,ladder_v2_level_5_target_like_moving_distractors,ladder_v2,5,level_5_target_like_moving_distractors,,,7,temporal_boundary_minus_low_boundary,temporal_boundary,low_boundary,0.5,0.5,0.0,same
/private/tmp/vlm_results_20260612_163602/results/Qwen_Qwen3-VL-8B-Instruct/ladder_v2_level_5_target_like_moving_distractors/20260612_150911/raw_results.jsonl,ladder_v2_level_5_target_like_moving_distractors,ladder_v2,5,level_5_target_like_moving_distractors,,,7,visual_boundary_minus_low_boundary,visual_boundary,low_boundary,0.5,0.5,0.0,same
/private/tmp/vlm_results_20260612_163602/results/Qwen_Qwen3-VL-8B-Instruct/ladder_v2_level_5_target_like_moving_distractors/20260612_150911/raw_results.jsonl,ladder_v2_level_5_target_like_moving_distractors,ladder_v2,5,level_5_target_like_moving_distractors,,,8,audio_boundary_minus_low_boundary,audio_boundary,low_boundary,0.5,0.5,0.0,same
/private/tmp/vlm_results_20260612_163602/results/Qwen_Qwen3-VL-8B-Instruct/ladder_v2_level_5_target_like_moving_distractors/20260612_150911/raw_results.jsonl,ladder_v2_level_5_target_like_moving_distractors,ladder_v2,5,level_5_target_like_moving_distractors,,,8,temporal_boundary_minus_low_boundary,temporal_boundary,low_boundary,0.5,0.5,0.0,same
/private/tmp/vlm_results_20260612_163602/results/Qwen_Qwen3-VL-8B-Instruct/ladder_v2_level_5_target_like_moving_distractors/20260612_150911/raw_results.jsonl,ladder_v2_level_5_target_like_moving_distractors,ladder_v2,5,level_5_target_like_moving_distractors,,,8,visual_boundary_minus_low_boundary,visual_boundary,low_boundary,0.5,0.5,0.0,same
/private/tmp/vlm_results_20260612_163602/results/Qwen_Qwen3-VL-8B-Instruct/ladder_v2_level_5_target_like_moving_distractors/20260612_150911/raw_results.jsonl,ladder_v2_level_5_target_like_moving_distractors,ladder_v2,5,level_5_target_like_moving_distractors,,,9,audio_boundary_minus_low_boundary,audio_boundary,low_boundary,1.0,1.0,0.0,same
/private/tmp/vlm_results_20260612_163602/results/Qwen_Qwen3-VL-8B-Instruct/ladder_v2_level_5_target_like_moving_distractors/20260612_150911/raw_results.jsonl,ladder_v2_level_5_target_like_moving_distractors,ladder_v2,5,level_5_target_like_moving_distractors,,,9,temporal_boundary_minus_low_boundary,temporal_boundary,low_boundary,1.0,1.0,0.0,same
/private/tmp/vlm_results_20260612_163602/results/Qwen_Qwen3-VL-8B-Instruct/ladder_v2_level_5_target_like_moving_distractors/20260612_150911/raw_results.jsonl,ladder_v2_level_5_target_like_moving_distractors,ladder_v2,5,level_5_target_like_moving_distractors,,,9,visual_boundary_minus_low_boundary,visual_boundary,low_boundary,1.0,1.0,0.0,same
/private/tmp/vlm_results_20260612_163602/results/Qwen_Qwen3-VL-8B-Instruct/ladder_v2_level_5_target_like_moving_distractors/20260612_150911/raw_results.jsonl,ladder_v2_level_5_target_like_moving_distractors,ladder_v2,5,level_5_target_like_moving_distractors,,,10,audio_boundary_minus_low_boundary,audio_boundary,low_boundary,0.5,0.5,0.0,same
/private/tmp/vlm_results_20260612_163602/results/Qwen_Qwen3-VL-8B-Instruct/ladder_v2_level_5_target_like_moving_distractors/20260612_150911/raw_results.jsonl,ladder_v2_level_5_target_like_moving_distractors,ladder_v2,5,level_5_target_like_moving_distractors,,,10,temporal_boundary_minus_low_boundary,temporal_boundary,low_boundary,0.5,0.5,0.0,same
/private/tmp/vlm_results_20260612_163602/results/Qwen_Qwen3-VL-8B-Instruct/ladder_v2_level_5_target_like_moving_distractors/20260612_150911/raw_results.jsonl,ladder_v2_level_5_target_like_moving_distractors,ladder_v2,5,level_5_target_like_moving_distractors,,,10,visual_boundary_minus_low_boundary,visual_boundary,low_boundary,0.5,0.5,0.0,same
/private/tmp/vlm_results_20260612_163602/results/Qwen_Qwen3-VL-8B-Instruct/ladder_v2_level_5_target_like_moving_distractors/20260612_150911/raw_results.jsonl,ladder_v2_level_5_target_like_moving_distractors,ladder_v2,5,level_5_target_like_moving_distractors,,,11,audio_boundary_minus_low_boundary,audio_boundary,low_boundary,1.0,1.0,0.0,same
/private/tmp/vlm_results_20260612_163602/results/Qwen_Qwen3-VL-8B-Instruct/ladder_v2_level_5_target_like_moving_distractors/20260612_150911/raw_results.jsonl,ladder_v2_level_5_target_like_moving_distractors,ladder_v2,5,level_5_target_like_moving_distractors,,,11,temporal_boundary_minus_low_boundary,temporal_boundary,low_boundary,1.0,1.0,0.0,same
/private/tmp/vlm_results_20260612_163602/results/Qwen_Qwen3-VL-8B-Instruct/ladder_v2_level_5_target_like_moving_distractors/20260612_150911/raw_results.jsonl,ladder_v2_level_5_target_like_moving_distractors,ladder_v2,5,level_5_target_like_moving_distractors,,,11,visual_boundary_minus_low_boundary,visual_boundary,low_boundary,1.0,1.0,0.0,same
/private/tmp/vlm_results_20260612_163602/results/Qwen_Qwen3-VL-8B-Instruct/ladder_v2_level_5_target_like_moving_distractors/20260612_150911/raw_results.jsonl,ladder_v2_level_5_target_like_moving_distractors,ladder_v2,5,level_5_target_like_moving_distractors,,,12,audio_boundary_minus_low_boundary,audio_boundary,low_boundary,1.0,1.0,0.0,same
/private/tmp/vlm_results_20260612_163602/results/Qwen_Qwen3-VL-8B-Instruct/ladder_v2_level_5_target_like_moving_distractors/20260612_150911/raw_results.jsonl,ladder_v2_level_5_target_like_moving_distractors,ladder_v2,5,level_5_target_like_moving_distractors,,,12,temporal_boundary_minus_low_boundary,temporal_boundary,low_boundary,1.0,1.0,0.0,same
/private/tmp/vlm_results_20260612_163602/results/Qwen_Qwen3-VL-8B-Instruct/ladder_v2_level_5_target_like_moving_distractors/20260612_150911/raw_results.jsonl,ladder_v2_level_5_target_like_moving_distractors,ladder_v2,5,level_5_target_like_moving_distractors,,,12,visual_boundary_minus_low_boundary,visual_boundary,low_boundary,1.0,1.0,0.0,same
/private/tmp/vlm_results_20260612_163602/results/Qwen_Qwen3-VL-8B-Instruct/ladder_v2_level_5_target_like_moving_distractors/20260612_150911/raw_results.jsonl,ladder_v2_level_5_target_like_moving_distractors,ladder_v2,5,level_5_target_like_moving_distractors,,,13,audio_boundary_minus_low_boundary,audio_boundary,low_boundary,0.5,0.5,0.0,same
/private/tmp/vlm_results_20260612_163602/results/Qwen_Qwen3-VL-8B-Instruct/ladder_v2_level_5_target_like_moving_distractors/20260612_150911/raw_results.jsonl,ladder_v2_level_5_target_like_moving_distractors,ladder_v2,5,level_5_target_like_moving_distractors,,,13,temporal_boundary_minus_low_boundary,temporal_boundary,low_boundary,0.5,0.5,0.0,same
/private/tmp/vlm_results_20260612_163602/results/Qwen_Qwen3-VL-8B-Instruct/ladder_v2_level_5_target_like_moving_distractors/20260612_150911/raw_results.jsonl,ladder_v2_level_5_target_like_moving_distractors,ladder_v2,5,level_5_target_like_moving_distractors,,,13,visual_boundary_minus_low_boundary,visual_boundary,low_boundary,0.5,0.5,0.0,same
/private/tmp/vlm_results_20260612_163602/results/Qwen_Qwen3-VL-8B-Instruct/ladder_v2_level_5_target_like_moving_distractors/20260612_150911/raw_results.jsonl,ladder_v2_level_5_target_like_moving_distractors,ladder_v2,5,level_5_target_like_moving_distractors,,,14,audio_boundary_minus_low_boundary,audio_boundary,low_boundary,1.0,1.0,0.0,same
/private/tmp/vlm_results_20260612_163602/results/Qwen_Qwen3-VL-8B-Instruct/ladder_v2_level_5_target_like_moving_distractors/20260612_150911/raw_results.jsonl,ladder_v2_level_5_target_like_moving_distractors,ladder_v2,5,level_5_target_like_moving_distractors,,,14,temporal_boundary_minus_low_boundary,temporal_boundary,low_boundary,1.0,1.0,0.0,same
/private/tmp/vlm_results_20260612_163602/results/Qwen_Qwen3-VL-8B-Instruct/ladder_v2_level_5_target_like_moving_distractors/20260612_150911/raw_results.jsonl,ladder_v2_level_5_target_like_moving_distractors,ladder_v2,5,level_5_target_like_moving_distractors,,,14,visual_boundary_minus_low_boundary,visual_boundary,low_boundary,0.5,1.0,-0.5,worse
/private/tmp/vlm_results_20260612_163602/results/Qwen_Qwen3-VL-8B-Instruct/ladder_v2_level_5_target_like_moving_distractors/20260612_150911/raw_results.jsonl,ladder_v2_level_5_target_like_moving_distractors,ladder_v2,5,level_5_target_like_moving_distractors,,,15,audio_boundary_minus_low_boundary,audio_boundary,low_boundary,1.0,1.0,0.0,same
/private/tmp/vlm_results_20260612_163602/results/Qwen_Qwen3-VL-8B-Instruct/ladder_v2_level_5_target_like_moving_distractors/20260612_150911/raw_results.jsonl,ladder_v2_level_5_target_like_moving_distractors,ladder_v2,5,level_5_target_like_moving_distractors,,,15,temporal_boundary_minus_low_boundary,temporal_boundary,low_boundary,1.0,1.0,0.0,same
/private/tmp/vlm_results_20260612_163602/results/Qwen_Qwen3-VL-8B-Instruct/ladder_v2_level_5_target_like_moving_distractors/20260612_150911/raw_results.jsonl,ladder_v2_level_5_target_like_moving_distractors,ladder_v2,5,level_5_target_like_moving_distractors,,,15,visual_boundary_minus_low_boundary,visual_boundary,low_boundary,1.0,1.0,0.0,same
/private/tmp/vlm_results_20260612_163602/results/Qwen_Qwen3-VL-8B-Instruct/ladder_v2_level_5_target_like_moving_distractors/20260612_150911/raw_results.jsonl,ladder_v2_level_5_target_like_moving_distractors,ladder_v2,5,level_5_target_like_moving_distractors,,,16,audio_boundary_minus_low_boundary,audio_boundary,low_boundary,1.0,1.0,0.0,same
/private/tmp/vlm_results_20260612_163602/results/Qwen_Qwen3-VL-8B-Instruct/ladder_v2_level_5_target_like_moving_distractors/20260612_150911/raw_results.jsonl,ladder_v2_level_5_target_like_moving_distractors,ladder_v2,5,level_5_target_like_moving_distractors,,,16,temporal_boundary_minus_low_boundary,temporal_boundary,low_boundary,1.0,1.0,0.0,same
/private/tmp/vlm_results_20260612_163602/results/Qwen_Qwen3-VL-8B-Instruct/ladder_v2_level_5_target_like_moving_distractors/20260612_150911/raw_results.jsonl,ladder_v2_level_5_target_like_moving_distractors,ladder_v2,5,level_5_target_like_moving_distractors,,,16,visual_boundary_minus_low_boundary,visual_boundary,low_boundary,1.0,1.0,0.0,same
/private/tmp/vlm_results_20260612_163602/results/Qwen_Qwen3-VL-8B-Instruct/ladder_v2_level_5_target_like_moving_distractors/20260612_150911/raw_results.jsonl,ladder_v2_level_5_target_like_moving_distractors,ladder_v2,5,level_5_target_like_moving_distractors,,,17,audio_boundary_minus_low_boundary,audio_boundary,low_boundary,1.0,1.0,0.0,same
/private/tmp/vlm_results_20260612_163602/results/Qwen_Qwen3-VL-8B-Instruct/ladder_v2_level_5_target_like_moving_distractors/20260612_150911/raw_results.jsonl,ladder_v2_level_5_target_like_moving_distractors,ladder_v2,5,level_5_target_like_moving_distractors,,,17,temporal_boundary_minus_low_boundary,temporal_boundary,low_boundary,1.0,1.0,0.0,same
/private/tmp/vlm_results_20260612_163602/results/Qwen_Qwen3-VL-8B-Instruct/ladder_v2_level_5_target_like_moving_distractors/20260612_150911/raw_results.jsonl,ladder_v2_level_5_target_like_moving_distractors,ladder_v2,5,level_5_target_like_moving_distractors,,,17,visual_boundary_minus_low_boundary,visual_boundary,low_boundary,0.5,1.0,-0.5,worse
/private/tmp/vlm_results_20260612_163602/results/Qwen_Qwen3-VL-8B-Instruct/ladder_v2_level_5_target_like_moving_distractors/20260612_150911/raw_results.jsonl,ladder_v2_level_5_target_like_moving_distractors,ladder_v2,5,level_5_target_like_moving_distractors,,,18,audio_boundary_minus_low_boundary,audio_boundary,low_boundary,1.0,1.0,0.0,same
/private/tmp/vlm_results_20260612_163602/results/Qwen_Qwen3-VL-8B-Instruct/ladder_v2_level_5_target_like_moving_distractors/20260612_150911/raw_results.jsonl,ladder_v2_level_5_target_like_moving_distractors,ladder_v2,5,level_5_target_like_moving_distractors,,,18,temporal_boundary_minus_low_boundary,temporal_boundary,low_boundary,1.0,1.0,0.0,same
/private/tmp/vlm_results_20260612_163602/results/Qwen_Qwen3-VL-8B-Instruct/ladder_v2_level_5_target_like_moving_distractors/20260612_150911/raw_results.jsonl,ladder_v2_level_5_target_like_moving_distractors,ladder_v2,5,level_5_target_like_moving_distractors,,,18,visual_boundary_minus_low_boundary,visual_boundary,low_boundary,1.0,1.0,0.0,same
/private/tmp/vlm_results_20260612_163602/results/Qwen_Qwen3-VL-8B-Instruct/ladder_v2_level_5_target_like_moving_distractors/20260612_150911/raw_results.jsonl,ladder_v2_level_5_target_like_moving_distractors,ladder_v2,5,level_5_target_like_moving_distractors,,,19,audio_boundary_minus_low_boundary,audio_boundary,low_boundary,1.0,0.5,0.5,improved
/private/tmp/vlm_results_20260612_163602/results/Qwen_Qwen3-VL-8B-Instruct/ladder_v2_level_5_target_like_moving_distractors/20260612_150911/raw_results.jsonl,ladder_v2_level_5_target_like_moving_distractors,ladder_v2,5,level_5_target_like_moving_distractors,,,19,temporal_boundary_minus_low_boundary,temporal_boundary,low_boundary,1.0,0.5,0.5,improved
/private/tmp/vlm_results_20260612_163602/results/Qwen_Qwen3-VL-8B-Instruct/ladder_v2_level_5_target_like_moving_distractors/20260612_150911/raw_results.jsonl,ladder_v2_level_5_target_like_moving_distractors,ladder_v2,5,level_5_target_like_moving_distractors,,,19,visual_boundary_minus_low_boundary,visual_boundary,low_boundary,0.5,0.5,0.0,same
/private/tmp/vlm_results_20260612_163602/results/Qwen_Qwen3-VL-8B-Instruct/ladder_v2_level_5_target_like_moving_distractors/20260612_150911/raw_results.jsonl,ladder_v2_level_5_target_like_moving_distractors,ladder_v2,5,level_5_target_like_moving_distractors,,,20,audio_boundary_minus_low_boundary,audio_boundary,low_boundary,1.0,1.0,0.0,same
/private/tmp/vlm_results_20260612_163602/results/Qwen_Qwen3-VL-8B-Instruct/ladder_v2_level_5_target_like_moving_distractors/20260612_150911/raw_results.jsonl,ladder_v2_level_5_target_like_moving_distractors,ladder_v2,5,level_5_target_like_moving_distractors,,,20,temporal_boundary_minus_low_boundary,temporal_boundary,low_boundary,1.0,1.0,0.0,same
/private/tmp/vlm_results_20260612_163602/results/Qwen_Qwen3-VL-8B-Instruct/ladder_v2_level_5_target_like_moving_distractors/20260612_150911/raw_results.jsonl,ladder_v2_level_5_target_like_moving_distractors,ladder_v2,5,level_5_target_like_moving_distractors,,,20,visual_boundary_minus_low_boundary,visual_boundary,low_boundary,1.0,1.0,0.0,same
/private/tmp/vlm_results_20260612_163602/results/Qwen_Qwen3-VL-8B-Instruct/ladder_v2_level_5_target_like_moving_distractors/20260612_150911/raw_results.jsonl,ladder_v2_level_5_target_like_moving_distractors,ladder_v2,5,level_5_target_like_moving_distractors,,,21,audio_boundary_minus_low_boundary,audio_boundary,low_boundary,0.5,0.5,0.0,same
/private/tmp/vlm_results_20260612_163602/results/Qwen_Qwen3-VL-8B-Instruct/ladder_v2_level_5_target_like_moving_distractors/20260612_150911/raw_results.jsonl,ladder_v2_level_5_target_like_moving_distractors,ladder_v2,5,level_5_target_like_moving_distractors,,,21,temporal_boundary_minus_low_boundary,temporal_boundary,low_boundary,0.5,0.5,0.0,same
/private/tmp/vlm_results_20260612_163602/results/Qwen_Qwen3-VL-8B-Instruct/ladder_v2_level_5_target_like_moving_distractors/20260612_150911/raw_results.jsonl,ladder_v2_level_5_target_like_moving_distractors,ladder_v2,5,level_5_target_like_moving_distractors,,,21,visual_boundary_minus_low_boundary,visual_boundary,low_boundary,0.5,0.5,0.0,same
/private/tmp/vlm_results_20260612_163602/results/Qwen_Qwen3-VL-8B-Instruct/ladder_v2_level_5_target_like_moving_distractors/20260612_150911/raw_results.jsonl,ladder_v2_level_5_target_like_moving_distractors,ladder_v2,5,level_5_target_like_moving_distractors,,,22,audio_boundary_minus_low_boundary,audio_boundary,low_boundary,1.0,1.0,0.0,same
/private/tmp/vlm_results_20260612_163602/results/Qwen_Qwen3-VL-8B-Instruct/ladder_v2_level_5_target_like_moving_distractors/20260612_150911/raw_results.jsonl,ladder_v2_level_5_target_like_moving_distractors,ladder_v2,5,level_5_target_like_moving_distractors,,,22,temporal_boundary_minus_low_boundary,temporal_boundary,low_boundary,1.0,1.0,0.0,same
/private/tmp/vlm_results_20260612_163602/results/Qwen_Qwen3-VL-8B-Instruct/ladder_v2_level_5_target_like_moving_distractors/20260612_150911/raw_results.jsonl,ladder_v2_level_5_target_like_moving_distractors,ladder_v2,5,level_5_target_like_moving_distractors,,,22,visual_boundary_minus_low_boundary,visual_boundary,low_boundary,1.0,1.0,0.0,same
/private/tmp/vlm_results_20260612_163602/results/Qwen_Qwen3-VL-8B-Instruct/ladder_v2_level_5_target_like_moving_distractors/20260612_150911/raw_results.jsonl,ladder_v2_level_5_target_like_moving_distractors,ladder_v2,5,level_5_target_like_moving_distractors,,,23,audio_boundary_minus_low_boundary,audio_boundary,low_boundary,1.0,1.0,0.0,same
/private/tmp/vlm_results_20260612_163602/results/Qwen_Qwen3-VL-8B-Instruct/ladder_v2_level_5_target_like_moving_distractors/20260612_150911/raw_results.jsonl,ladder_v2_level_5_target_like_moving_distractors,ladder_v2,5,level_5_target_like_moving_distractors,,,23,temporal_boundary_minus_low_boundary,temporal_boundary,low_boundary,1.0,1.0,0.0,same
/private/tmp/vlm_results_20260612_163602/results/Qwen_Qwen3-VL-8B-Instruct/ladder_v2_level_5_target_like_moving_distractors/20260612_150911/raw_results.jsonl,ladder_v2_level_5_target_like_moving_distractors,ladder_v2,5,level_5_target_like_moving_distractors,,,23,visual_boundary_minus_low_boundary,visual_boundary,low_boundary,1.0,1.0,0.0,same
/private/tmp/vlm_results_20260612_163602/results/Qwen_Qwen3-VL-8B-Instruct/ladder_v2_level_5_target_like_moving_distractors/20260612_150911/raw_results.jsonl,ladder_v2_level_5_target_like_moving_distractors,ladder_v2,5,level_5_target_like_moving_distractors,,,24,audio_boundary_minus_low_boundary,audio_boundary,low_boundary,1.0,0.5,0.5,improved
/private/tmp/vlm_results_20260612_163602/results/Qwen_Qwen3-VL-8B-Instruct/ladder_v2_level_5_target_like_moving_distractors/20260612_150911/raw_results.jsonl,ladder_v2_level_5_target_like_moving_distractors,ladder_v2,5,level_5_target_like_moving_distractors,,,24,temporal_boundary_minus_low_boundary,temporal_boundary,low_boundary,1.0,0.5,0.5,improved
/private/tmp/vlm_results_20260612_163602/results/Qwen_Qwen3-VL-8B-Instruct/ladder_v2_level_5_target_like_moving_distractors/20260612_150911/raw_results.jsonl,ladder_v2_level_5_target_like_moving_distractors,ladder_v2,5,level_5_target_like_moving_distractors,,,24,visual_boundary_minus_low_boundary,visual_boundary,low_boundary,0.5,0.5,0.0,same
/private/tmp/vlm_results_20260612_163602/results/Qwen_Qwen3-VL-8B-Instruct/ladder_v2_level_5_target_like_moving_distractors/20260612_150911/raw_results.jsonl,ladder_v2_level_5_target_like_moving_distractors,ladder_v2,5,level_5_target_like_moving_distractors,,,25,audio_boundary_minus_low_boundary,audio_boundary,low_boundary,1.0,1.0,0.0,same
/private/tmp/vlm_results_20260612_163602/results/Qwen_Qwen3-VL-8B-Instruct/ladder_v2_level_5_target_like_moving_distractors/20260612_150911/raw_results.jsonl,ladder_v2_level_5_target_like_moving_distractors,ladder_v2,5,level_5_target_like_moving_distractors,,,25,temporal_boundary_minus_low_boundary,temporal_boundary,low_boundary,1.0,1.0,0.0,same
/private/tmp/vlm_results_20260612_163602/results/Qwen_Qwen3-VL-8B-Instruct/ladder_v2_level_5_target_like_moving_distractors/20260612_150911/raw_results.jsonl,ladder_v2_level_5_target_like_moving_distractors,ladder_v2,5,level_5_target_like_moving_distractors,,,25,visual_boundary_minus_low_boundary,visual_boundary,low_boundary,1.0,1.0,0.0,same
/private/tmp/vlm_results_20260612_163602/results/Qwen_Qwen3-VL-8B-Instruct/ladder_v2_level_5_target_like_moving_distractors/20260612_150911/raw_results.jsonl,ladder_v2_level_5_target_like_moving_distractors,ladder_v2,5,level_5_target_like_moving_distractors,,,26,audio_boundary_minus_low_boundary,audio_boundary,low_boundary,0.5,0.5,0.0,same
/private/tmp/vlm_results_20260612_163602/results/Qwen_Qwen3-VL-8B-Instruct/ladder_v2_level_5_target_like_moving_distractors/20260612_150911/raw_results.jsonl,ladder_v2_level_5_target_like_moving_distractors,ladder_v2,5,level_5_target_like_moving_distractors,,,26,temporal_boundary_minus_low_boundary,temporal_boundary,low_boundary,1.0,0.5,0.5,improved
/private/tmp/vlm_results_20260612_163602/results/Qwen_Qwen3-VL-8B-Instruct/ladder_v2_level_5_target_like_moving_distractors/20260612_150911/raw_results.jsonl,ladder_v2_level_5_target_like_moving_distractors,ladder_v2,5,level_5_target_like_moving_distractors,,,26,visual_boundary_minus_low_boundary,visual_boundary,low_boundary,0.5,0.5,0.0,same
/private/tmp/vlm_results_20260612_163602/results/Qwen_Qwen3-VL-8B-Instruct/ladder_v2_level_5_target_like_moving_distractors/20260612_150911/raw_results.jsonl,ladder_v2_level_5_target_like_moving_distractors,ladder_v2,5,level_5_target_like_moving_distractors,,,27,audio_boundary_minus_low_boundary,audio_boundary,low_boundary,0.5,0.5,0.0,same
/private/tmp/vlm_results_20260612_163602/results/Qwen_Qwen3-VL-8B-Instruct/ladder_v2_level_5_target_like_moving_distractors/20260612_150911/raw_results.jsonl,ladder_v2_level_5_target_like_moving_distractors,ladder_v2,5,level_5_target_like_moving_distractors,,,27,temporal_boundary_minus_low_boundary,temporal_boundary,low_boundary,0.5,0.5,0.0,same
/private/tmp/vlm_results_20260612_163602/results/Qwen_Qwen3-VL-8B-Instruct/ladder_v2_level_5_target_like_moving_distractors/20260612_150911/raw_results.jsonl,ladder_v2_level_5_target_like_moving_distractors,ladder_v2,5,level_5_target_like_moving_distractors,,,27,visual_boundary_minus_low_boundary,visual_boundary,low_boundary,0.5,0.5,0.0,same
/private/tmp/vlm_results_20260612_163602/results/Qwen_Qwen3-VL-8B-Instruct/ladder_v2_level_5_target_like_moving_distractors/20260612_150911/raw_results.jsonl,ladder_v2_level_5_target_like_moving_distractors,ladder_v2,5,level_5_target_like_moving_distractors,,,28,audio_boundary_minus_low_boundary,audio_boundary,low_boundary,1.0,1.0,0.0,same
/private/tmp/vlm_results_20260612_163602/results/Qwen_Qwen3-VL-8B-Instruct/ladder_v2_level_5_target_like_moving_distractors/20260612_150911/raw_results.jsonl,ladder_v2_level_5_target_like_moving_distractors,ladder_v2,5,level_5_target_like_moving_distractors,,,28,temporal_boundary_minus_low_boundary,temporal_boundary,low_boundary,1.0,1.0,0.0,same
/private/tmp/vlm_results_20260612_163602/results/Qwen_Qwen3-VL-8B-Instruct/ladder_v2_level_5_target_like_moving_distractors/20260612_150911/raw_results.jsonl,ladder_v2_level_5_target_like_moving_distractors,ladder_v2,5,level_5_target_like_moving_distractors,,,28,visual_boundary_minus_low_boundary,visual_boundary,low_boundary,1.0,1.0,0.0,same
/private/tmp/vlm_results_20260612_163602/results/Qwen_Qwen3-VL-8B-Instruct/ladder_v2_level_5_target_like_moving_distractors/20260612_150911/raw_results.jsonl,ladder_v2_level_5_target_like_moving_distractors,ladder_v2,5,level_5_target_like_moving_distractors,,,29,audio_boundary_minus_low_boundary,audio_boundary,low_boundary,1.0,1.0,0.0,same
/private/tmp/vlm_results_20260612_163602/results/Qwen_Qwen3-VL-8B-Instruct/ladder_v2_level_5_target_like_moving_distractors/20260612_150911/raw_results.jsonl,ladder_v2_level_5_target_like_moving_distractors,ladder_v2,5,level_5_target_like_moving_distractors,,,29,temporal_boundary_minus_low_boundary,temporal_boundary,low_boundary,1.0,1.0,0.0,same
/private/tmp/vlm_results_20260612_163602/results/Qwen_Qwen3-VL-8B-Instruct/ladder_v2_level_5_target_like_moving_distractors/20260612_150911/raw_results.jsonl,ladder_v2_level_5_target_like_moving_distractors,ladder_v2,5,level_5_target_like_moving_distractors,,,29,visual_boundary_minus_low_boundary,visual_boundary,low_boundary,1.0,1.0,0.0,same
/private/tmp/vlm_results_20260612_163602/results/Qwen_Qwen3-VL-8B-Instruct/ladder_v2_level_5_target_like_moving_distractors/20260612_150911/raw_results.jsonl,ladder_v2_level_5_target_like_moving_distractors,ladder_v2,5,level_5_target_like_moving_distractors,,,30,audio_boundary_minus_low_boundary,audio_boundary,low_boundary,1.0,1.0,0.0,same
/private/tmp/vlm_results_20260612_163602/results/Qwen_Qwen3-VL-8B-Instruct/ladder_v2_level_5_target_like_moving_distractors/20260612_150911/raw_results.jsonl,ladder_v2_level_5_target_like_moving_distractors,ladder_v2,5,level_5_target_like_moving_distractors,,,30,temporal_boundary_minus_low_boundary,temporal_boundary,low_boundary,1.0,1.0,0.0,same
/private/tmp/vlm_results_20260612_163602/results/Qwen_Qwen3-VL-8B-Instruct/ladder_v2_level_5_target_like_moving_distractors/20260612_150911/raw_results.jsonl,ladder_v2_level_5_target_like_moving_distractors,ladder_v2,5,level_5_target_like_moving_distractors,,,30,visual_boundary_minus_low_boundary,visual_boundary,low_boundary,0.5,1.0,-0.5,worse
/private/tmp/vlm_results_20260612_163602/results/Qwen_Qwen3-VL-8B-Instruct/ladder_v2_level_6_hard_temporal_interference/20260612_150911/raw_results.jsonl,ladder_v2_level_6_hard_temporal_interference,ladder_v2,6,level_6_hard_temporal_interference,,,1,audio_boundary_minus_low_boundary,audio_boundary,low_boundary,1.0,1.0,0.0,same
/private/tmp/vlm_results_20260612_163602/results/Qwen_Qwen3-VL-8B-Instruct/ladder_v2_level_6_hard_temporal_interference/20260612_150911/raw_results.jsonl,ladder_v2_level_6_hard_temporal_interference,ladder_v2,6,level_6_hard_temporal_interference,,,1,temporal_boundary_minus_low_boundary,temporal_boundary,low_boundary,1.0,1.0,0.0,same
/private/tmp/vlm_results_20260612_163602/results/Qwen_Qwen3-VL-8B-Instruct/ladder_v2_level_6_hard_temporal_interference/20260612_150911/raw_results.jsonl,ladder_v2_level_6_hard_temporal_interference,ladder_v2,6,level_6_hard_temporal_interference,,,1,visual_boundary_minus_low_boundary,visual_boundary,low_boundary,1.0,1.0,0.0,same
/private/tmp/vlm_results_20260612_163602/results/Qwen_Qwen3-VL-8B-Instruct/ladder_v2_level_6_hard_temporal_interference/20260612_150911/raw_results.jsonl,ladder_v2_level_6_hard_temporal_interference,ladder_v2,6,level_6_hard_temporal_interference,,,2,audio_boundary_minus_low_boundary,audio_boundary,low_boundary,1.0,1.0,0.0,same
/private/tmp/vlm_results_20260612_163602/results/Qwen_Qwen3-VL-8B-Instruct/ladder_v2_level_6_hard_temporal_interference/20260612_150911/raw_results.jsonl,ladder_v2_level_6_hard_temporal_interference,ladder_v2,6,level_6_hard_temporal_interference,,,2,temporal_boundary_minus_low_boundary,temporal_boundary,low_boundary,1.0,1.0,0.0,same
/private/tmp/vlm_results_20260612_163602/results/Qwen_Qwen3-VL-8B-Instruct/ladder_v2_level_6_hard_temporal_interference/20260612_150911/raw_results.jsonl,ladder_v2_level_6_hard_temporal_interference,ladder_v2,6,level_6_hard_temporal_interference,,,2,visual_boundary_minus_low_boundary,visual_boundary,low_boundary,0.5,1.0,-0.5,worse
/private/tmp/vlm_results_20260612_163602/results/Qwen_Qwen3-VL-8B-Instruct/ladder_v2_level_6_hard_temporal_interference/20260612_150911/raw_results.jsonl,ladder_v2_level_6_hard_temporal_interference,ladder_v2,6,level_6_hard_temporal_interference,,,3,audio_boundary_minus_low_boundary,audio_boundary,low_boundary,1.0,1.0,0.0,same
/private/tmp/vlm_results_20260612_163602/results/Qwen_Qwen3-VL-8B-Instruct/ladder_v2_level_6_hard_temporal_interference/20260612_150911/raw_results.jsonl,ladder_v2_level_6_hard_temporal_interference,ladder_v2,6,level_6_hard_temporal_interference,,,3,temporal_boundary_minus_low_boundary,temporal_boundary,low_boundary,1.0,1.0,0.0,same
/private/tmp/vlm_results_20260612_163602/results/Qwen_Qwen3-VL-8B-Instruct/ladder_v2_level_6_hard_temporal_interference/20260612_150911/raw_results.jsonl,ladder_v2_level_6_hard_temporal_interference,ladder_v2,6,level_6_hard_temporal_interference,,,3,visual_boundary_minus_low_boundary,visual_boundary,low_boundary,1.0,1.0,0.0,same
/private/tmp/vlm_results_20260612_163602/results/Qwen_Qwen3-VL-8B-Instruct/ladder_v2_level_6_hard_temporal_interference/20260612_150911/raw_results.jsonl,ladder_v2_level_6_hard_temporal_interference,ladder_v2,6,level_6_hard_temporal_interference,,,4,audio_boundary_minus_low_boundary,audio_boundary,low_boundary,0.5,0.5,0.0,same
/private/tmp/vlm_results_20260612_163602/results/Qwen_Qwen3-VL-8B-Instruct/ladder_v2_level_6_hard_temporal_interference/20260612_150911/raw_results.jsonl,ladder_v2_level_6_hard_temporal_interference,ladder_v2,6,level_6_hard_temporal_interference,,,4,temporal_boundary_minus_low_boundary,temporal_boundary,low_boundary,0.5,0.5,0.0,same
/private/tmp/vlm_results_20260612_163602/results/Qwen_Qwen3-VL-8B-Instruct/ladder_v2_level_6_hard_temporal_interference/20260612_150911/raw_results.jsonl,ladder_v2_level_6_hard_temporal_interference,ladder_v2,6,level_6_hard_temporal_interference,,,4,visual_boundary_minus_low_boundary,visual_boundary,low_boundary,0.5,0.5,0.0,same
/private/tmp/vlm_results_20260612_163602/results/Qwen_Qwen3-VL-8B-Instruct/ladder_v2_level_6_hard_temporal_interference/20260612_150911/raw_results.jsonl,ladder_v2_level_6_hard_temporal_interference,ladder_v2,6,level_6_hard_temporal_interference,,,5,audio_boundary_minus_low_boundary,audio_boundary,low_boundary,1.0,1.0,0.0,same
/private/tmp/vlm_results_20260612_163602/results/Qwen_Qwen3-VL-8B-Instruct/ladder_v2_level_6_hard_temporal_interference/20260612_150911/raw_results.jsonl,ladder_v2_level_6_hard_temporal_interference,ladder_v2,6,level_6_hard_temporal_interference,,,5,temporal_boundary_minus_low_boundary,temporal_boundary,low_boundary,1.0,1.0,0.0,same
/private/tmp/vlm_results_20260612_163602/results/Qwen_Qwen3-VL-8B-Instruct/ladder_v2_level_6_hard_temporal_interference/20260612_150911/raw_results.jsonl,ladder_v2_level_6_hard_temporal_interference,ladder_v2,6,level_6_hard_temporal_interference,,,5,visual_boundary_minus_low_boundary,visual_boundary,low_boundary,1.0,1.0,0.0,same
/private/tmp/vlm_results_20260612_163602/results/Qwen_Qwen3-VL-8B-Instruct/ladder_v2_level_6_hard_temporal_interference/20260612_150911/raw_results.jsonl,ladder_v2_level_6_hard_temporal_interference,ladder_v2,6,level_6_hard_temporal_interference,,,6,audio_boundary_minus_low_boundary,audio_boundary,low_boundary,1.0,0.5,0.5,improved
/private/tmp/vlm_results_20260612_163602/results/Qwen_Qwen3-VL-8B-Instruct/ladder_v2_level_6_hard_temporal_interference/20260612_150911/raw_results.jsonl,ladder_v2_level_6_hard_temporal_interference,ladder_v2,6,level_6_hard_temporal_interference,,,6,temporal_boundary_minus_low_boundary,temporal_boundary,low_boundary,1.0,0.5,0.5,improved
/private/tmp/vlm_results_20260612_163602/results/Qwen_Qwen3-VL-8B-Instruct/ladder_v2_level_6_hard_temporal_interference/20260612_150911/raw_results.jsonl,ladder_v2_level_6_hard_temporal_interference,ladder_v2,6,level_6_hard_temporal_interference,,,6,visual_boundary_minus_low_boundary,visual_boundary,low_boundary,1.0,0.5,0.5,improved
/private/tmp/vlm_results_20260612_163602/results/Qwen_Qwen3-VL-8B-Instruct/ladder_v2_level_6_hard_temporal_interference/20260612_150911/raw_results.jsonl,ladder_v2_level_6_hard_temporal_interference,ladder_v2,6,level_6_hard_temporal_interference,,,7,audio_boundary_minus_low_boundary,audio_boundary,low_boundary,1.0,1.0,0.0,same
/private/tmp/vlm_results_20260612_163602/results/Qwen_Qwen3-VL-8B-Instruct/ladder_v2_level_6_hard_temporal_interference/20260612_150911/raw_results.jsonl,ladder_v2_level_6_hard_temporal_interference,ladder_v2,6,level_6_hard_temporal_interference,,,7,temporal_boundary_minus_low_boundary,temporal_boundary,low_boundary,1.0,1.0,0.0,same
/private/tmp/vlm_results_20260612_163602/results/Qwen_Qwen3-VL-8B-Instruct/ladder_v2_level_6_hard_temporal_interference/20260612_150911/raw_results.jsonl,ladder_v2_level_6_hard_temporal_interference,ladder_v2,6,level_6_hard_temporal_interference,,,7,visual_boundary_minus_low_boundary,visual_boundary,low_boundary,1.0,1.0,0.0,same
/private/tmp/vlm_results_20260612_163602/results/Qwen_Qwen3-VL-8B-Instruct/ladder_v2_level_6_hard_temporal_interference/20260612_150911/raw_results.jsonl,ladder_v2_level_6_hard_temporal_interference,ladder_v2,6,level_6_hard_temporal_interference,,,8,audio_boundary_minus_low_boundary,audio_boundary,low_boundary,1.0,1.0,0.0,same
/private/tmp/vlm_results_20260612_163602/results/Qwen_Qwen3-VL-8B-Instruct/ladder_v2_level_6_hard_temporal_interference/20260612_150911/raw_results.jsonl,ladder_v2_level_6_hard_temporal_interference,ladder_v2,6,level_6_hard_temporal_interference,,,8,temporal_boundary_minus_low_boundary,temporal_boundary,low_boundary,1.0,1.0,0.0,same
/private/tmp/vlm_results_20260612_163602/results/Qwen_Qwen3-VL-8B-Instruct/ladder_v2_level_6_hard_temporal_interference/20260612_150911/raw_results.jsonl,ladder_v2_level_6_hard_temporal_interference,ladder_v2,6,level_6_hard_temporal_interference,,,8,visual_boundary_minus_low_boundary,visual_boundary,low_boundary,1.0,1.0,0.0,same
/private/tmp/vlm_results_20260612_163602/results/Qwen_Qwen3-VL-8B-Instruct/ladder_v2_level_6_hard_temporal_interference/20260612_150911/raw_results.jsonl,ladder_v2_level_6_hard_temporal_interference,ladder_v2,6,level_6_hard_temporal_interference,,,9,audio_boundary_minus_low_boundary,audio_boundary,low_boundary,1.0,1.0,0.0,same
/private/tmp/vlm_results_20260612_163602/results/Qwen_Qwen3-VL-8B-Instruct/ladder_v2_level_6_hard_temporal_interference/20260612_150911/raw_results.jsonl,ladder_v2_level_6_hard_temporal_interference,ladder_v2,6,level_6_hard_temporal_interference,,,9,temporal_boundary_minus_low_boundary,temporal_boundary,low_boundary,1.0,1.0,0.0,same
/private/tmp/vlm_results_20260612_163602/results/Qwen_Qwen3-VL-8B-Instruct/ladder_v2_level_6_hard_temporal_interference/20260612_150911/raw_results.jsonl,ladder_v2_level_6_hard_temporal_interference,ladder_v2,6,level_6_hard_temporal_interference,,,9,visual_boundary_minus_low_boundary,visual_boundary,low_boundary,1.0,1.0,0.0,same
/private/tmp/vlm_results_20260612_163602/results/Qwen_Qwen3-VL-8B-Instruct/ladder_v2_level_6_hard_temporal_interference/20260612_150911/raw_results.jsonl,ladder_v2_level_6_hard_temporal_interference,ladder_v2,6,level_6_hard_temporal_interference,,,10,audio_boundary_minus_low_boundary,audio_boundary,low_boundary,1.0,1.0,0.0,same
/private/tmp/vlm_results_20260612_163602/results/Qwen_Qwen3-VL-8B-Instruct/ladder_v2_level_6_hard_temporal_interference/20260612_150911/raw_results.jsonl,ladder_v2_level_6_hard_temporal_interference,ladder_v2,6,level_6_hard_temporal_interference,,,10,temporal_boundary_minus_low_boundary,temporal_boundary,low_boundary,1.0,1.0,0.0,same
/private/tmp/vlm_results_20260612_163602/results/Qwen_Qwen3-VL-8B-Instruct/ladder_v2_level_6_hard_temporal_interference/20260612_150911/raw_results.jsonl,ladder_v2_level_6_hard_temporal_interference,ladder_v2,6,level_6_hard_temporal_interference,,,10,visual_boundary_minus_low_boundary,visual_boundary,low_boundary,0.5,1.0,-0.5,worse
/private/tmp/vlm_results_20260612_163602/results/Qwen_Qwen3-VL-8B-Instruct/ladder_v2_level_6_hard_temporal_interference/20260612_150911/raw_results.jsonl,ladder_v2_level_6_hard_temporal_interference,ladder_v2,6,level_6_hard_temporal_interference,,,11,audio_boundary_minus_low_boundary,audio_boundary,low_boundary,1.0,1.0,0.0,same
/private/tmp/vlm_results_20260612_163602/results/Qwen_Qwen3-VL-8B-Instruct/ladder_v2_level_6_hard_temporal_interference/20260612_150911/raw_results.jsonl,ladder_v2_level_6_hard_temporal_interference,ladder_v2,6,level_6_hard_temporal_interference,,,11,temporal_boundary_minus_low_boundary,temporal_boundary,low_boundary,1.0,1.0,0.0,same
/private/tmp/vlm_results_20260612_163602/results/Qwen_Qwen3-VL-8B-Instruct/ladder_v2_level_6_hard_temporal_interference/20260612_150911/raw_results.jsonl,ladder_v2_level_6_hard_temporal_interference,ladder_v2,6,level_6_hard_temporal_interference,,,11,visual_boundary_minus_low_boundary,visual_boundary,low_boundary,0.5,1.0,-0.5,worse
/private/tmp/vlm_results_20260612_163602/results/Qwen_Qwen3-VL-8B-Instruct/ladder_v2_level_6_hard_temporal_interference/20260612_150911/raw_results.jsonl,ladder_v2_level_6_hard_temporal_interference,ladder_v2,6,level_6_hard_temporal_interference,,,12,audio_boundary_minus_low_boundary,audio_boundary,low_boundary,1.0,1.0,0.0,same
/private/tmp/vlm_results_20260612_163602/results/Qwen_Qwen3-VL-8B-Instruct/ladder_v2_level_6_hard_temporal_interference/20260612_150911/raw_results.jsonl,ladder_v2_level_6_hard_temporal_interference,ladder_v2,6,level_6_hard_temporal_interference,,,12,temporal_boundary_minus_low_boundary,temporal_boundary,low_boundary,1.0,1.0,0.0,same
/private/tmp/vlm_results_20260612_163602/results/Qwen_Qwen3-VL-8B-Instruct/ladder_v2_level_6_hard_temporal_interference/20260612_150911/raw_results.jsonl,ladder_v2_level_6_hard_temporal_interference,ladder_v2,6,level_6_hard_temporal_interference,,,12,visual_boundary_minus_low_boundary,visual_boundary,low_boundary,1.0,1.0,0.0,same
/private/tmp/vlm_results_20260612_163602/results/Qwen_Qwen3-VL-8B-Instruct/ladder_v2_level_6_hard_temporal_interference/20260612_150911/raw_results.jsonl,ladder_v2_level_6_hard_temporal_interference,ladder_v2,6,level_6_hard_temporal_interference,,,13,audio_boundary_minus_low_boundary,audio_boundary,low_boundary,0.5,0.5,0.0,same
/private/tmp/vlm_results_20260612_163602/results/Qwen_Qwen3-VL-8B-Instruct/ladder_v2_level_6_hard_temporal_interference/20260612_150911/raw_results.jsonl,ladder_v2_level_6_hard_temporal_interference,ladder_v2,6,level_6_hard_temporal_interference,,,13,temporal_boundary_minus_low_boundary,temporal_boundary,low_boundary,0.5,0.5,0.0,same
/private/tmp/vlm_results_20260612_163602/results/Qwen_Qwen3-VL-8B-Instruct/ladder_v2_level_6_hard_temporal_interference/20260612_150911/raw_results.jsonl,ladder_v2_level_6_hard_temporal_interference,ladder_v2,6,level_6_hard_temporal_interference,,,13,visual_boundary_minus_low_boundary,visual_boundary,low_boundary,0.5,0.5,0.0,same
/private/tmp/vlm_results_20260612_163602/results/Qwen_Qwen3-VL-8B-Instruct/ladder_v2_level_6_hard_temporal_interference/20260612_150911/raw_results.jsonl,ladder_v2_level_6_hard_temporal_interference,ladder_v2,6,level_6_hard_temporal_interference,,,14,audio_boundary_minus_low_boundary,audio_boundary,low_boundary,1.0,1.0,0.0,same
/private/tmp/vlm_results_20260612_163602/results/Qwen_Qwen3-VL-8B-Instruct/ladder_v2_level_6_hard_temporal_interference/20260612_150911/raw_results.jsonl,ladder_v2_level_6_hard_temporal_interference,ladder_v2,6,level_6_hard_temporal_interference,,,14,temporal_boundary_minus_low_boundary,temporal_boundary,low_boundary,1.0,1.0,0.0,same
/private/tmp/vlm_results_20260612_163602/results/Qwen_Qwen3-VL-8B-Instruct/ladder_v2_level_6_hard_temporal_interference/20260612_150911/raw_results.jsonl,ladder_v2_level_6_hard_temporal_interference,ladder_v2,6,level_6_hard_temporal_interference,,,14,visual_boundary_minus_low_boundary,visual_boundary,low_boundary,1.0,1.0,0.0,same
/private/tmp/vlm_results_20260612_163602/results/Qwen_Qwen3-VL-8B-Instruct/ladder_v2_level_6_hard_temporal_interference/20260612_150911/raw_results.jsonl,ladder_v2_level_6_hard_temporal_interference,ladder_v2,6,level_6_hard_temporal_interference,,,15,audio_boundary_minus_low_boundary,audio_boundary,low_boundary,0.5,0.5,0.0,same
/private/tmp/vlm_results_20260612_163602/results/Qwen_Qwen3-VL-8B-Instruct/ladder_v2_level_6_hard_temporal_interference/20260612_150911/raw_results.jsonl,ladder_v2_level_6_hard_temporal_interference,ladder_v2,6,level_6_hard_temporal_interference,,,15,temporal_boundary_minus_low_boundary,temporal_boundary,low_boundary,1.0,0.5,0.5,improved
/private/tmp/vlm_results_20260612_163602/results/Qwen_Qwen3-VL-8B-Instruct/ladder_v2_level_6_hard_temporal_interference/20260612_150911/raw_results.jsonl,ladder_v2_level_6_hard_temporal_interference,ladder_v2,6,level_6_hard_temporal_interference,,,15,visual_boundary_minus_low_boundary,visual_boundary,low_boundary,0.5,0.5,0.0,same
/private/tmp/vlm_results_20260612_163602/results/Qwen_Qwen3-VL-8B-Instruct/ladder_v2_level_6_hard_temporal_interference/20260612_150911/raw_results.jsonl,ladder_v2_level_6_hard_temporal_interference,ladder_v2,6,level_6_hard_temporal_interference,,,16,audio_boundary_minus_low_boundary,audio_boundary,low_boundary,1.0,1.0,0.0,same
/private/tmp/vlm_results_20260612_163602/results/Qwen_Qwen3-VL-8B-Instruct/ladder_v2_level_6_hard_temporal_interference/20260612_150911/raw_results.jsonl,ladder_v2_level_6_hard_temporal_interference,ladder_v2,6,level_6_hard_temporal_interference,,,16,temporal_boundary_minus_low_boundary,temporal_boundary,low_boundary,1.0,1.0,0.0,same
/private/tmp/vlm_results_20260612_163602/results/Qwen_Qwen3-VL-8B-Instruct/ladder_v2_level_6_hard_temporal_interference/20260612_150911/raw_results.jsonl,ladder_v2_level_6_hard_temporal_interference,ladder_v2,6,level_6_hard_temporal_interference,,,16,visual_boundary_minus_low_boundary,visual_boundary,low_boundary,1.0,1.0,0.0,same
/private/tmp/vlm_results_20260612_163602/results/Qwen_Qwen3-VL-8B-Instruct/ladder_v2_level_6_hard_temporal_interference/20260612_150911/raw_results.jsonl,ladder_v2_level_6_hard_temporal_interference,ladder_v2,6,level_6_hard_temporal_interference,,,17,audio_boundary_minus_low_boundary,audio_boundary,low_boundary,1.0,0.5,0.5,improved
/private/tmp/vlm_results_20260612_163602/results/Qwen_Qwen3-VL-8B-Instruct/ladder_v2_level_6_hard_temporal_interference/20260612_150911/raw_results.jsonl,ladder_v2_level_6_hard_temporal_interference,ladder_v2,6,level_6_hard_temporal_interference,,,17,temporal_boundary_minus_low_boundary,temporal_boundary,low_boundary,1.0,0.5,0.5,improved
/private/tmp/vlm_results_20260612_163602/results/Qwen_Qwen3-VL-8B-Instruct/ladder_v2_level_6_hard_temporal_interference/20260612_150911/raw_results.jsonl,ladder_v2_level_6_hard_temporal_interference,ladder_v2,6,level_6_hard_temporal_interference,,,17,visual_boundary_minus_low_boundary,visual_boundary,low_boundary,0.5,0.5,0.0,same
/private/tmp/vlm_results_20260612_163602/results/Qwen_Qwen3-VL-8B-Instruct/ladder_v2_level_6_hard_temporal_interference/20260612_150911/raw_results.jsonl,ladder_v2_level_6_hard_temporal_interference,ladder_v2,6,level_6_hard_temporal_interference,,,18,audio_boundary_minus_low_boundary,audio_boundary,low_boundary,0.5,0.0,0.5,improved
/private/tmp/vlm_results_20260612_163602/results/Qwen_Qwen3-VL-8B-Instruct/ladder_v2_level_6_hard_temporal_interference/20260612_150911/raw_results.jsonl,ladder_v2_level_6_hard_temporal_interference,ladder_v2,6,level_6_hard_temporal_interference,,,18,temporal_boundary_minus_low_boundary,temporal_boundary,low_boundary,0.5,0.0,0.5,improved
/private/tmp/vlm_results_20260612_163602/results/Qwen_Qwen3-VL-8B-Instruct/ladder_v2_level_6_hard_temporal_interference/20260612_150911/raw_results.jsonl,ladder_v2_level_6_hard_temporal_interference,ladder_v2,6,level_6_hard_temporal_interference,,,18,visual_boundary_minus_low_boundary,visual_boundary,low_boundary,0.5,0.0,0.5,improved
/private/tmp/vlm_results_20260612_163602/results/Qwen_Qwen3-VL-8B-Instruct/ladder_v2_level_6_hard_temporal_interference/20260612_150911/raw_results.jsonl,ladder_v2_level_6_hard_temporal_interference,ladder_v2,6,level_6_hard_temporal_interference,,,19,audio_boundary_minus_low_boundary,audio_boundary,low_boundary,1.0,1.0,0.0,same
/private/tmp/vlm_results_20260612_163602/results/Qwen_Qwen3-VL-8B-Instruct/ladder_v2_level_6_hard_temporal_interference/20260612_150911/raw_results.jsonl,ladder_v2_level_6_hard_temporal_interference,ladder_v2,6,level_6_hard_temporal_interference,,,19,temporal_boundary_minus_low_boundary,temporal_boundary,low_boundary,1.0,1.0,0.0,same
/private/tmp/vlm_results_20260612_163602/results/Qwen_Qwen3-VL-8B-Instruct/ladder_v2_level_6_hard_temporal_interference/20260612_150911/raw_results.jsonl,ladder_v2_level_6_hard_temporal_interference,ladder_v2,6,level_6_hard_temporal_interference,,,19,visual_boundary_minus_low_boundary,visual_boundary,low_boundary,1.0,1.0,0.0,same
/private/tmp/vlm_results_20260612_163602/results/Qwen_Qwen3-VL-8B-Instruct/ladder_v2_level_6_hard_temporal_interference/20260612_150911/raw_results.jsonl,ladder_v2_level_6_hard_temporal_interference,ladder_v2,6,level_6_hard_temporal_interference,,,20,audio_boundary_minus_low_boundary,audio_boundary,low_boundary,1.0,1.0,0.0,same
/private/tmp/vlm_results_20260612_163602/results/Qwen_Qwen3-VL-8B-Instruct/ladder_v2_level_6_hard_temporal_interference/20260612_150911/raw_results.jsonl,ladder_v2_level_6_hard_temporal_interference,ladder_v2,6,level_6_hard_temporal_interference,,,20,temporal_boundary_minus_low_boundary,temporal_boundary,low_boundary,1.0,1.0,0.0,same
/private/tmp/vlm_results_20260612_163602/results/Qwen_Qwen3-VL-8B-Instruct/ladder_v2_level_6_hard_temporal_interference/20260612_150911/raw_results.jsonl,ladder_v2_level_6_hard_temporal_interference,ladder_v2,6,level_6_hard_temporal_interference,,,20,visual_boundary_minus_low_boundary,visual_boundary,low_boundary,1.0,1.0,0.0,same
/private/tmp/vlm_results_20260612_163602/results/Qwen_Qwen3-VL-8B-Instruct/ladder_v2_level_6_hard_temporal_interference/20260612_150911/raw_results.jsonl,ladder_v2_level_6_hard_temporal_interference,ladder_v2,6,level_6_hard_temporal_interference,,,21,audio_boundary_minus_low_boundary,audio_boundary,low_boundary,0.5,0.5,0.0,same
/private/tmp/vlm_results_20260612_163602/results/Qwen_Qwen3-VL-8B-Instruct/ladder_v2_level_6_hard_temporal_interference/20260612_150911/raw_results.jsonl,ladder_v2_level_6_hard_temporal_interference,ladder_v2,6,level_6_hard_temporal_interference,,,21,temporal_boundary_minus_low_boundary,temporal_boundary,low_boundary,0.5,0.5,0.0,same
/private/tmp/vlm_results_20260612_163602/results/Qwen_Qwen3-VL-8B-Instruct/ladder_v2_level_6_hard_temporal_interference/20260612_150911/raw_results.jsonl,ladder_v2_level_6_hard_temporal_interference,ladder_v2,6,level_6_hard_temporal_interference,,,21,visual_boundary_minus_low_boundary,visual_boundary,low_boundary,0.5,0.5,0.0,same
/private/tmp/vlm_results_20260612_163602/results/Qwen_Qwen3-VL-8B-Instruct/ladder_v2_level_6_hard_temporal_interference/20260612_150911/raw_results.jsonl,ladder_v2_level_6_hard_temporal_interference,ladder_v2,6,level_6_hard_temporal_interference,,,22,audio_boundary_minus_low_boundary,audio_boundary,low_boundary,0.5,0.5,0.0,same
/private/tmp/vlm_results_20260612_163602/results/Qwen_Qwen3-VL-8B-Instruct/ladder_v2_level_6_hard_temporal_interference/20260612_150911/raw_results.jsonl,ladder_v2_level_6_hard_temporal_interference,ladder_v2,6,level_6_hard_temporal_interference,,,22,temporal_boundary_minus_low_boundary,temporal_boundary,low_boundary,0.5,0.5,0.0,same
/private/tmp/vlm_results_20260612_163602/results/Qwen_Qwen3-VL-8B-Instruct/ladder_v2_level_6_hard_temporal_interference/20260612_150911/raw_results.jsonl,ladder_v2_level_6_hard_temporal_interference,ladder_v2,6,level_6_hard_temporal_interference,,,22,visual_boundary_minus_low_boundary,visual_boundary,low_boundary,0.5,0.5,0.0,same
/private/tmp/vlm_results_20260612_163602/results/Qwen_Qwen3-VL-8B-Instruct/ladder_v2_level_6_hard_temporal_interference/20260612_150911/raw_results.jsonl,ladder_v2_level_6_hard_temporal_interference,ladder_v2,6,level_6_hard_temporal_interference,,,23,audio_boundary_minus_low_boundary,audio_boundary,low_boundary,1.0,1.0,0.0,same
/private/tmp/vlm_results_20260612_163602/results/Qwen_Qwen3-VL-8B-Instruct/ladder_v2_level_6_hard_temporal_interference/20260612_150911/raw_results.jsonl,ladder_v2_level_6_hard_temporal_interference,ladder_v2,6,level_6_hard_temporal_interference,,,23,temporal_boundary_minus_low_boundary,temporal_boundary,low_boundary,1.0,1.0,0.0,same
/private/tmp/vlm_results_20260612_163602/results/Qwen_Qwen3-VL-8B-Instruct/ladder_v2_level_6_hard_temporal_interference/20260612_150911/raw_results.jsonl,ladder_v2_level_6_hard_temporal_interference,ladder_v2,6,level_6_hard_temporal_interference,,,23,visual_boundary_minus_low_boundary,visual_boundary,low_boundary,1.0,1.0,0.0,same
/private/tmp/vlm_results_20260612_163602/results/Qwen_Qwen3-VL-8B-Instruct/ladder_v2_level_6_hard_temporal_interference/20260612_150911/raw_results.jsonl,ladder_v2_level_6_hard_temporal_interference,ladder_v2,6,level_6_hard_temporal_interference,,,24,audio_boundary_minus_low_boundary,audio_boundary,low_boundary,0.5,0.5,0.0,same
/private/tmp/vlm_results_20260612_163602/results/Qwen_Qwen3-VL-8B-Instruct/ladder_v2_level_6_hard_temporal_interference/20260612_150911/raw_results.jsonl,ladder_v2_level_6_hard_temporal_interference,ladder_v2,6,level_6_hard_temporal_interference,,,24,temporal_boundary_minus_low_boundary,temporal_boundary,low_boundary,0.5,0.5,0.0,same
/private/tmp/vlm_results_20260612_163602/results/Qwen_Qwen3-VL-8B-Instruct/ladder_v2_level_6_hard_temporal_interference/20260612_150911/raw_results.jsonl,ladder_v2_level_6_hard_temporal_interference,ladder_v2,6,level_6_hard_temporal_interference,,,24,visual_boundary_minus_low_boundary,visual_boundary,low_boundary,0.5,0.5,0.0,same
/private/tmp/vlm_results_20260612_163602/results/Qwen_Qwen3-VL-8B-Instruct/ladder_v2_level_6_hard_temporal_interference/20260612_150911/raw_results.jsonl,ladder_v2_level_6_hard_temporal_interference,ladder_v2,6,level_6_hard_temporal_interference,,,25,audio_boundary_minus_low_boundary,audio_boundary,low_boundary,1.0,1.0,0.0,same
/private/tmp/vlm_results_20260612_163602/results/Qwen_Qwen3-VL-8B-Instruct/ladder_v2_level_6_hard_temporal_interference/20260612_150911/raw_results.jsonl,ladder_v2_level_6_hard_temporal_interference,ladder_v2,6,level_6_hard_temporal_interference,,,25,temporal_boundary_minus_low_boundary,temporal_boundary,low_boundary,1.0,1.0,0.0,same
/private/tmp/vlm_results_20260612_163602/results/Qwen_Qwen3-VL-8B-Instruct/ladder_v2_level_6_hard_temporal_interference/20260612_150911/raw_results.jsonl,ladder_v2_level_6_hard_temporal_interference,ladder_v2,6,level_6_hard_temporal_interference,,,25,visual_boundary_minus_low_boundary,visual_boundary,low_boundary,1.0,1.0,0.0,same
/private/tmp/vlm_results_20260612_163602/results/Qwen_Qwen3-VL-8B-Instruct/ladder_v2_level_6_hard_temporal_interference/20260612_150911/raw_results.jsonl,ladder_v2_level_6_hard_temporal_interference,ladder_v2,6,level_6_hard_temporal_interference,,,26,audio_boundary_minus_low_boundary,audio_boundary,low_boundary,1.0,1.0,0.0,same
/private/tmp/vlm_results_20260612_163602/results/Qwen_Qwen3-VL-8B-Instruct/ladder_v2_level_6_hard_temporal_interference/20260612_150911/raw_results.jsonl,ladder_v2_level_6_hard_temporal_interference,ladder_v2,6,level_6_hard_temporal_interference,,,26,temporal_boundary_minus_low_boundary,temporal_boundary,low_boundary,1.0,1.0,0.0,same
/private/tmp/vlm_results_20260612_163602/results/Qwen_Qwen3-VL-8B-Instruct/ladder_v2_level_6_hard_temporal_interference/20260612_150911/raw_results.jsonl,ladder_v2_level_6_hard_temporal_interference,ladder_v2,6,level_6_hard_temporal_interference,,,26,visual_boundary_minus_low_boundary,visual_boundary,low_boundary,1.0,1.0,0.0,same
/private/tmp/vlm_results_20260612_163602/results/Qwen_Qwen3-VL-8B-Instruct/ladder_v2_level_6_hard_temporal_interference/20260612_150911/raw_results.jsonl,ladder_v2_level_6_hard_temporal_interference,ladder_v2,6,level_6_hard_temporal_interference,,,27,audio_boundary_minus_low_boundary,audio_boundary,low_boundary,0.5,0.5,0.0,same
/private/tmp/vlm_results_20260612_163602/results/Qwen_Qwen3-VL-8B-Instruct/ladder_v2_level_6_hard_temporal_interference/20260612_150911/raw_results.jsonl,ladder_v2_level_6_hard_temporal_interference,ladder_v2,6,level_6_hard_temporal_interference,,,27,temporal_boundary_minus_low_boundary,temporal_boundary,low_boundary,0.5,0.5,0.0,same
/private/tmp/vlm_results_20260612_163602/results/Qwen_Qwen3-VL-8B-Instruct/ladder_v2_level_6_hard_temporal_interference/20260612_150911/raw_results.jsonl,ladder_v2_level_6_hard_temporal_interference,ladder_v2,6,level_6_hard_temporal_interference,,,27,visual_boundary_minus_low_boundary,visual_boundary,low_boundary,0.5,0.5,0.0,same
/private/tmp/vlm_results_20260612_163602/results/Qwen_Qwen3-VL-8B-Instruct/ladder_v2_level_6_hard_temporal_interference/20260612_150911/raw_results.jsonl,ladder_v2_level_6_hard_temporal_interference,ladder_v2,6,level_6_hard_temporal_interference,,,28,audio_boundary_minus_low_boundary,audio_boundary,low_boundary,1.0,1.0,0.0,same
/private/tmp/vlm_results_20260612_163602/results/Qwen_Qwen3-VL-8B-Instruct/ladder_v2_level_6_hard_temporal_interference/20260612_150911/raw_results.jsonl,ladder_v2_level_6_hard_temporal_interference,ladder_v2,6,level_6_hard_temporal_interference,,,28,temporal_boundary_minus_low_boundary,temporal_boundary,low_boundary,1.0,1.0,0.0,same
/private/tmp/vlm_results_20260612_163602/results/Qwen_Qwen3-VL-8B-Instruct/ladder_v2_level_6_hard_temporal_interference/20260612_150911/raw_results.jsonl,ladder_v2_level_6_hard_temporal_interference,ladder_v2,6,level_6_hard_temporal_interference,,,28,visual_boundary_minus_low_boundary,visual_boundary,low_boundary,1.0,1.0,0.0,same
/private/tmp/vlm_results_20260612_163602/results/Qwen_Qwen3-VL-8B-Instruct/ladder_v2_level_6_hard_temporal_interference/20260612_150911/raw_results.jsonl,ladder_v2_level_6_hard_temporal_interference,ladder_v2,6,level_6_hard_temporal_interference,,,29,audio_boundary_minus_low_boundary,audio_boundary,low_boundary,1.0,1.0,0.0,same
/private/tmp/vlm_results_20260612_163602/results/Qwen_Qwen3-VL-8B-Instruct/ladder_v2_level_6_hard_temporal_interference/20260612_150911/raw_results.jsonl,ladder_v2_level_6_hard_temporal_interference,ladder_v2,6,level_6_hard_temporal_interference,,,29,temporal_boundary_minus_low_boundary,temporal_boundary,low_boundary,1.0,1.0,0.0,same
/private/tmp/vlm_results_20260612_163602/results/Qwen_Qwen3-VL-8B-Instruct/ladder_v2_level_6_hard_temporal_interference/20260612_150911/raw_results.jsonl,ladder_v2_level_6_hard_temporal_interference,ladder_v2,6,level_6_hard_temporal_interference,,,29,visual_boundary_minus_low_boundary,visual_boundary,low_boundary,1.0,1.0,0.0,same
/private/tmp/vlm_results_20260612_163602/results/Qwen_Qwen3-VL-8B-Instruct/ladder_v2_level_6_hard_temporal_interference/20260612_150911/raw_results.jsonl,ladder_v2_level_6_hard_temporal_interference,ladder_v2,6,level_6_hard_temporal_interference,,,30,audio_boundary_minus_low_boundary,audio_boundary,low_boundary,1.0,1.0,0.0,same
/private/tmp/vlm_results_20260612_163602/results/Qwen_Qwen3-VL-8B-Instruct/ladder_v2_level_6_hard_temporal_interference/20260612_150911/raw_results.jsonl,ladder_v2_level_6_hard_temporal_interference,ladder_v2,6,level_6_hard_temporal_interference,,,30,temporal_boundary_minus_low_boundary,temporal_boundary,low_boundary,1.0,1.0,0.0,same
/private/tmp/vlm_results_20260612_163602/results/Qwen_Qwen3-VL-8B-Instruct/ladder_v2_level_6_hard_temporal_interference/20260612_150911/raw_results.jsonl,ladder_v2_level_6_hard_temporal_interference,ladder_v2,6,level_6_hard_temporal_interference,,,30,visual_boundary_minus_low_boundary,visual_boundary,low_boundary,1.0,1.0,0.0,same
